,movie,country,date
0,Snow White and the Seven Dwarfs,Estados Unidos,21 de diciembre de 1937
1,Snow White and the Seven Dwarfs,Estados Unidos,1 de enero de 1938
2,Snow White and the Seven Dwarfs,Estados Unidos,13 de enero de 1938
3,Snow White and the Seven Dwarfs,Estados Unidos,13 de enero de 1938
4,Snow White and the Seven Dwarfs,Argentina,22 de enero de 1938
5,Snow White and the Seven Dwarfs,Estados Unidos,31 de enero de 1938
6,Snow White and the Seven Dwarfs,Estados Unidos,4 de febrero de 1938
7,Snow White and the Seven Dwarfs,Reino Unido,24 de febrero de 1938
8,Snow White and the Seven Dwarfs,Reino Unido,12 de marzo de 1938
9,Snow White and the Seven Dwarfs,Canadá,25 de marzo de 1938
10,Snow White and the Seven Dwarfs,Bélgica,26 de marzo de 1938
11,Snow White and the Seven Dwarfs,Filipinas,1 de mayo de 1938
12,Snow White and the Seven Dwarfs,Francia,6 de mayo de 1938
13,Snow White and the Seven Dwarfs,Bélgica,20 de mayo de 1938
14,Snow White and the Seven Dwarfs,Argentina,23 de mayo de 1938
15,Snow White and the Seven Dwarfs,Australia,2 de junio de 1938
16,Snow White and the Seven Dwarfs,China,2 de junio de 1938
17,Snow White and the Seven Dwarfs,Uruguay,28 de junio de 1938
18,Snow White and the Seven Dwarfs,Irlanda,8 de julio de 1938
19,Snow White and the Seven Dwarfs,México,21 de julio de 1938
20,Pinocchio,Estados Unidos,7 de febrero de 1940
21,Pinocchio,Estados Unidos,9 de febrero de 1940
22,Pinocchio,Estados Unidos,10 de febrero de 1940
23,Pinocchio,Estados Unidos,14 de febrero de 1940
24,Pinocchio,Estados Unidos,16 de febrero de 1940
25,Pinocchio,Estados Unidos,23 de febrero de 1940
26,Pinocchio,Reino Unido,18 de marzo de 1940
27,Pinocchio,Reino Unido,13 de mayo de 1940
28,Pinocchio,Australia,16 de mayo de 1940
29,Pinocchio,Canadá,22 de junio de 1940
30,Pinocchio,India,10 de julio de 1940
31,Pinocchio,Nueva Zelanda,14 de julio de 1940
32,Pinocchio,Argentina,17 de julio de 1940
33,Pinocchio,México,19 de julio de 1940
34,Pinocchio,Brasil,2 de septiembre de 1940
35,Pinocchio,Irlanda,6 de septiembre de 1940
36,Pinocchio,Portugal,7 de octubre de 1940
37,Pinocchio,Uruguay,10 de octubre de 1940
38,Pinocchio,Suecia,3 de febrero de 1941
39,Pinocchio,Palestina,22 de marzo de 1941
40,Fantasia,Estados Unidos,13 de noviembre de 1940
41,Fantasia,Brasil,9 de diciembre de 1940
42,Fantasia,Argentina,25 de diciembre de 1940
43,Fantasia,Argentina,26 de diciembre de 1940
44,Fantasia,Estados Unidos,29 de enero de 1941
45,Fantasia,Estados Unidos,13 de febrero de 1941
46,Fantasia,Estados Unidos,19 de febrero de 1941
47,Fantasia,Estados Unidos,5 de marzo de 1941
48,Fantasia,Canadá,19 de junio de 1941
49,Fantasia,Reino Unido,21 de julio de 1941
50,Fantasia,Australia,15 de agosto de 1941
51,Fantasia,Argentina,19 de agosto de 1941
52,Fantasia,Australia,21 de agosto de 1941
53,Fantasia,Brasil,23 de agosto de 1941
54,Fantasia,Uruguay,11 de septiembre de 1941
55,Fantasia,Estados Unidos,19 de septiembre de 1941
56,Fantasia,Suiza,22 de septiembre de 1941
57,Fantasia,Costa Rica,16 de noviembre de 1941
58,Fantasia,México,25 de diciembre de 1941
59,Fantasia,Estados Unidos,6 de enero de 1942
60,Dumbo,Estados Unidos,23 de octubre de 1941
61,Dumbo,Estados Unidos,31 de octubre de 1941
62,Dumbo,India,3 de noviembre de 1941
63,Dumbo,Benín,7 de noviembre de 1941
64,Dumbo,Reino Unido,21 de diciembre de 1941
65,Dumbo,Argentina,24 de diciembre de 1941
66,Dumbo,Nicaragua,24 de diciembre de 1941
67,Dumbo,Reino Unido,2 de enero de 1942
68,Dumbo,Canadá,31 de marzo de 1942
69,Dumbo,Australia,14 de abril de 1942
70,Dumbo,Chile,23 de mayo de 1942
71,Dumbo,Irlanda,5 de junio de 1942
72,Dumbo,México,9 de julio de 1942
73,Dumbo,Brasil,10 de julio de 1942
74,Dumbo,Argentina,10 de agosto de 1942
75,Dumbo,Uruguay,2 de septiembre de 1942
76,Dumbo,Portugal,30 de noviembre de 1942
77,Dumbo,Palestina,10 de abril de 1943
78,Dumbo,Nueva Zelanda,10 de julio de 1943
79,Dumbo,Venezuela,3 de abril de 1944
80,Bambi,Reino Unido,9 de agosto de 1942
81,Bambi,Estados Unidos,13 de agosto de 1942
82,Bambi,Estados Unidos,14 de agosto de 1942
83,Bambi,Estados Unidos,21 de agosto de 1942
84,Bambi,Estados Unidos,29 de octubre de 1942
85,Bambi,Reino Unido,1 de enero de 1943
86,Bambi,México,4 de febrero de 1943
87,Bambi,Irlanda,19 de febrero de 1943
88,Bambi,Argentina,2 de marzo de 1943
89,Bambi,Brasil,10 de marzo de 1943
90,Bambi,Trinidad y Tobago,4 de junio de 1943
91,Bambi,Nueva Zelanda,10 de julio de 1943
92,Bambi,Uruguay,14 de julio de 1943
93,Bambi,Suecia,4 de octubre de 1943
94,Bambi,Australia,11 de diciembre de 1943
95,Bambi,Venezuela,16 de enero de 1944
96,Bambi,Portugal,17 de enero de 1944
97,Bambi,Suiza,17 de marzo de 1944
98,Bambi,Luxemburgo,17 de marzo de 1944
99,Bambi,Palestina,28 de mayo de 1944
100,Saludos Amigos,Brasil,24 de agosto de 1942
101,Saludos Amigos,Argentina,26 de agosto de 1942
102,Saludos Amigos,Chile,14 de septiembre de 1942
103,Saludos Amigos,Nueva Zelanda,25 de diciembre de 1942
104,Saludos Amigos,Estados Unidos,6 de febrero de 1943
105,Saludos Amigos,Estados Unidos,19 de febrero de 1943
106,Saludos Amigos,México,26 de abril de 1943
107,Saludos Amigos,Uruguay,5 de mayo de 1943
108,Saludos Amigos,Colombia,13 de junio de 1943
109,Saludos Amigos,Grecia,13 de junio de 1943
110,Saludos Amigos,Venezuela,17 de agosto de 1943
111,Saludos Amigos,Reino Unido,6 de diciembre de 1943
112,Saludos Amigos,Australia,10 de febrero de 1944
113,Saludos Amigos,Portugal,8 de abril de 1944
114,Saludos Amigos,Irlanda,19 de mayo de 1944
115,Saludos Amigos,España,21 de agosto de 1944
116,Saludos Amigos,Palestina,17 de septiembre de 1944
117,Saludos Amigos,España,28 de diciembre de 1944
118,Saludos Amigos,Bélgica,7 de diciembre de 1945
119,Saludos Amigos,Suecia,18 de marzo de 1946
120,The Three Caballeros,México,21 de diciembre de 1944
121,The Three Caballeros,Estados Unidos,3 de febrero de 1945
122,The Three Caballeros,Estados Unidos,22 de febrero de 1945
123,The Three Caballeros,Brasil,18 de abril de 1945
124,The Three Caballeros,Reino Unido,14 de mayo de 1945
125,The Three Caballeros,Uruguay,16 de mayo de 1945
126,The Three Caballeros,Brasil,6 de julio de 1945
127,The Three Caballeros,Argentina,12 de julio de 1945
128,The Three Caballeros,Reino Unido,24 de septiembre de 1945
129,The Three Caballeros,Australia,7 de diciembre de 1945
130,The Three Caballeros,Portugal,24 de diciembre de 1945
131,The Three Caballeros,Irlanda,28 de diciembre de 1945
132,The Three Caballeros,Canadá,17 de enero de 1946
133,The Three Caballeros,Palestina,16 de febrero de 1946
134,The Three Caballeros,Nueva Zelanda,16 de noviembre de 1946
135,The Three Caballeros,España,7 de febrero de 1947
136,The Three Caballeros,España,17 de febrero de 1947
137,The Three Caballeros,Suecia,28 de marzo de 1947
138,The Three Caballeros,Sudáfrica,7 de enero de 1948
139,The Three Caballeros,Sudáfrica,12 de enero de 1948
140,Make Mine Music,Estados Unidos,20 de abril de 1946
141,Make Mine Music,Canadá,14 de junio de 1946
142,Make Mine Music,Reino Unido,30 de junio de 1946
143,Make Mine Music,Argentina,19 de julio de 1946
144,Make Mine Music,México,25 de julio de 1946
145,Make Mine Music,Venezuela,1 de agosto de 1946
146,Make Mine Music,Estados Unidos,15 de agosto de 1946
147,Make Mine Music,Reino Unido,26 de agosto de 1946
148,Make Mine Music,Francia,28 de septiembre de 1946
149,Make Mine Music,Australia,3 de octubre de 1946
150,Make Mine Music,Irlanda,27 de diciembre de 1946
151,Make Mine Music,Uruguay,9 de julio de 1947
152,Make Mine Music,Palestina,15 de noviembre de 1947
153,Make Mine Music,Nueva Zelanda,24 de noviembre de 1947
154,Make Mine Music,Portugal,8 de abril de 1948
155,Make Mine Music,Brasil,17 de junio de 1948
156,Make Mine Music,Suecia,4 de abril de 1949
157,Make Mine Music,Turquía,17 de junio de 1949
158,Make Mine Music,Sudáfrica,20 de junio de 1949
159,Make Mine Music,Sudáfrica,21 de junio de 1949
160,Fun and Fancy Free,Estados Unidos,27 de septiembre de 1947
161,Fun and Fancy Free,Estados Unidos,22 de octubre de 1947
162,Fun and Fancy Free,Reino Unido,22 de enero de 1948
163,Fun and Fancy Free,Nueva Zelanda,13 de febrero de 1948
164,Fun and Fancy Free,Estados Unidos,12 de marzo de 1948
165,Fun and Fancy Free,Irlanda,21 de mayo de 1948
166,Fun and Fancy Free,Estados Unidos,18 de junio de 1948
167,Fun and Fancy Free,Australia,27 de agosto de 1948
168,Fun and Fancy Free,México,16 de diciembre de 1948
169,Fun and Fancy Free,Dinamarca,14 de mayo de 1949
170,Fun and Fancy Free,Argentina,10 de julio de 1949
171,Fun and Fancy Free,Brasil,31 de octubre de 1949
172,Fun and Fancy Free,Uruguay,2 de enero de 1950
173,Fun and Fancy Free,Israel,18 de febrero de 1950
174,Fun and Fancy Free,Francia,29 de marzo de 1950
175,Fun and Fancy Free,Suecia,15 de mayo de 1950
176,Fun and Fancy Free,Bélgica,3 de agosto de 1950
177,Fun and Fancy Free,Sudáfrica,16 de agosto de 1950
178,Fun and Fancy Free,Sudáfrica,21 de agosto de 1950
179,Fun and Fancy Free,Yugoslavia,16 de noviembre de 1950
180,Melody Time,Estados Unidos,27 de mayo de 1948
181,Melody Time,Italia,29 de agosto de 1948
182,Melody Time,Nueva Zelanda,27 de febrero de 1949
183,Melody Time,Reino Unido,14 de abril de 1949
184,Melody Time,Australia,21 de mayo de 1949
185,Melody Time,Reino Unido,11 de julio de 1949
186,Melody Time,Irlanda,11 de noviembre de 1949
187,Melody Time,Bélgica,16 de diciembre de 1949
188,Melody Time,México,4 de mayo de 1950
189,Melody Time,Costa Rica,19 de junio de 1950
190,Melody Time,Argentina,4 de julio de 1950
191,Melody Time,Uruguay,5 de julio de 1950
192,Melody Time,Egipto,10 de julio de 1950
193,Melody Time,Brasil,19 de julio de 1950
194,Melody Time,Francia,28 de febrero de 1951
195,Melody Time,Suecia,16 de abril de 1951
196,Melody Time,Sudáfrica,28 de septiembre de 1951
197,Melody Time,Sudáfrica,1 de octubre de 1951
198,Melody Time,Sudáfrica,5 de octubre de 1951
199,Melody Time,Países Bajos,25 de octubre de 1951
200,The Adventures of Ichabod and Mr. Toad,Estados Unidos,5 de octubre de 1949
201,The Adventures of Ichabod and Mr. Toad,Estados Unidos,8 de octubre de 1949
202,The Adventures of Ichabod and Mr. Toad,Estados Unidos,6 de enero de 1950
203,The Adventures of Ichabod and Mr. Toad,Canadá,12 de febrero de 1950
204,The Adventures of Ichabod and Mr. Toad,Nueva Zelanda,16 de febrero de 1950
205,The Adventures of Ichabod and Mr. Toad,Reino Unido,19 de mayo de 1950
206,The Adventures of Ichabod and Mr. Toad,Brasil,13 de noviembre de 1950
207,The Adventures of Ichabod and Mr. Toad,Irlanda,15 de diciembre de 1950
208,The Adventures of Ichabod and Mr. Toad,Australia,11 de mayo de 1951
209,The Adventures of Ichabod and Mr. Toad,México,10 de octubre de 1951
210,The Adventures of Ichabod and Mr. Toad,España,25 de diciembre de 1951
211,The Adventures of Ichabod and Mr. Toad,Sudáfrica,25 de junio de 1952
212,The Adventures of Ichabod and Mr. Toad,Sudáfrica,2 de julio de 1952
213,The Adventures of Ichabod and Mr. Toad,Uruguay,7 de julio de 1952
214,The Adventures of Ichabod and Mr. Toad,Portugal,30 de junio de 1953
215,The Adventures of Ichabod and Mr. Toad,Países Bajos,10 de julio de 1955
216,The Adventures of Ichabod and Mr. Toad,China,8 de mayo de 1957
217,The Adventures of Ichabod and Mr. Toad,Islandia,15 de junio de 1959
218,The Adventures of Ichabod and Mr. Toad,Egipto,6 de noviembre de 1959
219,Cinderella,Estados Unidos,15 de febrero de 1950
220,Cinderella,Estados Unidos,22 de febrero de 1950
221,Cinderella,Estados Unidos,22 de febrero de 1950
222,Cinderella,Estados Unidos,4 de marzo de 1950
223,Cinderella,Canadá,7 de abril de 1950
224,Cinderella,Benín,20 de julio de 1950
225,Cinderella,Italia,20 de agosto de 1950
226,Cinderella,Italia,15 de septiembre de 1950
227,Cinderella,Dinamarca,18 de noviembre de 1950
228,Cinderella,Bélgica,7 de diciembre de 1950
229,Cinderella,Países Bajos,7 de diciembre de 1950
230,Cinderella,Australia,8 de diciembre de 1950
231,Cinderella,Finlandia,15 de diciembre de 1950
232,Cinderella,Suecia,18 de diciembre de 1950
233,Cinderella,Portugal,21 de diciembre de 1950
234,Cinderella,Bélgica,22 de diciembre de 1950
235,Cinderella,Francia,22 de diciembre de 1950
236,Cinderella,Reino Unido,22 de diciembre de 1950
237,Cinderella,Noruega,26 de diciembre de 1950
238,Cinderella,Argentina,2 de enero de 1951
239,Alice in Wonderland,Reino Unido,26 de julio de 1951
240,Alice in Wonderland,Estados Unidos,28 de julio de 1951
241,Alice in Wonderland,Estados Unidos,28 de julio de 1951
242,Alice in Wonderland,Canadá,9 de agosto de 1951
243,Alice in Wonderland,Reino Unido,20 de agosto de 1951
244,Alice in Wonderland,Italia,20 de agosto de 1951
245,Alice in Wonderland,Benín,28 de septiembre de 1951
246,Alice in Wonderland,Irlanda,14 de diciembre de 1951
247,Alice in Wonderland,Nueva Zelanda,15 de diciembre de 1951
248,Alice in Wonderland,Italia,20 de diciembre de 1951
249,Alice in Wonderland,Países Bajos,20 de diciembre de 1951
250,Alice in Wonderland,Portugal,20 de diciembre de 1951
251,Alice in Wonderland,Australia,21 de diciembre de 1951
252,Alice in Wonderland,Bélgica,21 de diciembre de 1951
253,Alice in Wonderland,Canadá,21 de diciembre de 1951
254,Alice in Wonderland,Finlandia,21 de diciembre de 1951
255,Alice in Wonderland,Francia,21 de diciembre de 1951
256,Alice in Wonderland,Israel,22 de diciembre de 1951
257,Alice in Wonderland,Dinamarca,26 de diciembre de 1951
258,Alice in Wonderland,Noruega,26 de diciembre de 1951
259,Peter Pan,Lesoto,5 de febrero de 1953
260,Peter Pan,Estados Unidos,5 de febrero de 1953
261,Peter Pan,Francia,15 de abril de 1953
262,Peter Pan,Reino Unido,17 de abril de 1953
263,Peter Pan,Canadá,8 de mayo de 1953
264,Peter Pan,Reino Unido,27 de julio de 1953
265,Peter Pan,Irlanda,31 de julio de 1953
266,Peter Pan,Australia,16 de octubre de 1953
267,Peter Pan,México,11 de noviembre de 1953
268,Peter Pan,Italia,16 de diciembre de 1953
269,Peter Pan,Australia,18 de diciembre de 1953
270,Peter Pan,Finlandia,18 de diciembre de 1953
271,Peter Pan,Francia,18 de diciembre de 1953
272,Peter Pan,Suecia,21 de diciembre de 1953
273,Peter Pan,Alemania Occidental,22 de diciembre de 1953
274,Peter Pan,Francia,23 de diciembre de 1953
275,Peter Pan,Dinamarca,26 de diciembre de 1953
276,Peter Pan,Noruega,26 de diciembre de 1953
277,Peter Pan,Niue,25 de febrero de 1954
278,Peter Pan,Filipinas,25 de febrero de 1954
279,Lady and the Tramp,Estados Unidos,16 de junio de 1955
280,Lady and the Tramp,Estados Unidos,22 de junio de 1955
281,Lady and the Tramp,Reino Unido,2 de septiembre de 1955
282,Lady and the Tramp,Canadá,27 de septiembre de 1955
283,Lady and the Tramp,Portugal,28 de septiembre de 1955
284,Lady and the Tramp,Italia,15 de diciembre de 1955
285,Lady and the Tramp,Francia,16 de diciembre de 1955
286,Lady and the Tramp,Suecia,19 de diciembre de 1955
287,Lady and the Tramp,Bélgica,23 de diciembre de 1955
288,Lady and the Tramp,Finlandia,23 de diciembre de 1955
289,Lady and the Tramp,Irlanda,23 de diciembre de 1955
290,Lady and the Tramp,Países Bajos,23 de diciembre de 1955
291,Lady and the Tramp,Dinamarca,26 de diciembre de 1955
292,Lady and the Tramp,Noruega,26 de diciembre de 1955
293,Lady and the Tramp,Reino Unido,3 de enero de 1956
294,Lady and the Tramp,Australia,23 de febrero de 1956
295,Lady and the Tramp,Sudáfrica,28 de marzo de 1956
296,Lady and the Tramp,Sudáfrica,28 de marzo de 1956
297,Lady and the Tramp,Sudáfrica,18 de junio de 1956
298,Lady and the Tramp,Argentina,3 de julio de 1956
299,Sleeping Beauty,Estados Unidos,29 de enero de 1959
300,Sleeping Beauty,Estados Unidos,29 de enero de 1959
301,Sleeping Beauty,Estados Unidos,17 de febrero de 1959
302,Sleeping Beauty,Reino Unido,29 de julio de 1959
303,Sleeping Beauty,Alemania Occidental,30 de octubre de 1959
304,Sleeping Beauty,Italia,1 de diciembre de 1959
305,Sleeping Beauty,Francia,16 de diciembre de 1959
306,Sleeping Beauty,Países Bajos,17 de diciembre de 1959
307,Sleeping Beauty,Finlandia,18 de diciembre de 1959
308,Sleeping Beauty,Irlanda,18 de diciembre de 1959
309,Sleeping Beauty,Suecia,19 de diciembre de 1959
310,Sleeping Beauty,Australia,24 de diciembre de 1959
311,Sleeping Beauty,México,24 de diciembre de 1959
312,Sleeping Beauty,Bélgica,25 de diciembre de 1959
313,Sleeping Beauty,Dinamarca,26 de diciembre de 1959
314,Sleeping Beauty,Noruega,26 de diciembre de 1959
315,Sleeping Beauty,Austria,15 de enero de 1960
316,Sleeping Beauty,Benín,29 de enero de 1960
317,Sleeping Beauty,Países Bajos,14 de abril de 1960
318,Sleeping Beauty,Nueva Zelanda,1 de mayo de 1960
319,One Hundred and One Dalmatians,Estados Unidos,25 de enero de 1961
320,One Hundred and One Dalmatians,Canadá,24 de febrero de 1961
321,One Hundred and One Dalmatians,Reino Unido,31 de marzo de 1961
322,One Hundred and One Dalmatians,Unión Soviética,17 de abril de 1961
323,One Hundred and One Dalmatians,España,julio de 1961
324,One Hundred and One Dalmatians,España,21 de septiembre de 1961
325,One Hundred and One Dalmatians,Australia,8 de octubre de 1961
326,One Hundred and One Dalmatians,Filipinas,1 de noviembre de 1961
327,One Hundred and One Dalmatians,Benín,10 de noviembre de 1961
328,One Hundred and One Dalmatians,Italia,30 de noviembre de 1961
329,One Hundred and One Dalmatians,Portugal,14 de diciembre de 1961
330,One Hundred and One Dalmatians,Finlandia,15 de diciembre de 1961
331,One Hundred and One Dalmatians,Alemania Occidental,19 de diciembre de 1961
332,One Hundred and One Dalmatians,Francia,20 de diciembre de 1961
333,One Hundred and One Dalmatians,México,21 de diciembre de 1961
334,One Hundred and One Dalmatians,Bélgica,22 de diciembre de 1961
335,One Hundred and One Dalmatians,Irlanda,22 de diciembre de 1961
336,One Hundred and One Dalmatians,Francia,23 de diciembre de 1961
337,One Hundred and One Dalmatians,Dinamarca,26 de diciembre de 1961
338,One Hundred and One Dalmatians,Noruega,26 de diciembre de 1961
339,The Sword in the Stone,Reino Unido,12 de diciembre de 1963
340,The Sword in the Stone,Reino Unido,18 de diciembre de 1963
341,The Sword in the Stone,Canadá,25 de diciembre de 1963
342,The Sword in the Stone,Estados Unidos,25 de diciembre de 1963
343,The Sword in the Stone,Australia,15 de abril de 1964
344,The Sword in the Stone,Hong Kong,28 de mayo de 1964
345,The Sword in the Stone,Irlanda,19 de junio de 1964
346,The Sword in the Stone,Estados Unidos,21 de junio de 1964
347,The Sword in the Stone,Japón,18 de julio de 1964
348,The Sword in the Stone,México,10 de diciembre de 1964
349,The Sword in the Stone,Suecia,14 de diciembre de 1964
350,The Sword in the Stone,Francia,16 de diciembre de 1964
351,The Sword in the Stone,Alemania Occidental,17 de diciembre de 1964
352,The Sword in the Stone,Italia,22 de diciembre de 1964
353,The Sword in the Stone,Brasil,25 de diciembre de 1964
354,The Sword in the Stone,Dinamarca,26 de diciembre de 1964
355,The Sword in the Stone,Noruega,26 de diciembre de 1964
356,The Sword in the Stone,Bélgica,1 de enero de 1965
357,The Sword in the Stone,Colombia,1 de enero de 1965
358,The Sword in the Stone,Nueva Zelanda,2 de mayo de 1965
359,The Jungle Book,Estados Unidos,18 de octubre de 1967
360,The Jungle Book,Reino Unido,17 de noviembre de 1967
361,The Jungle Book,Canadá,4 de diciembre de 1967
362,The Jungle Book,Reino Unido,24 de diciembre de 1967
363,The Jungle Book,Filipinas,15 de enero de 1968
364,The Jungle Book,Unión Soviética,11 de abril de 1968
365,The Jungle Book,Irlanda,12 de abril de 1968
366,The Jungle Book,Hong Kong,16 de mayo de 1968
367,The Jungle Book,Japón,23 de julio de 1968
368,The Jungle Book,Italia,6 de diciembre de 1968
369,The Jungle Book,Suecia,9 de diciembre de 1968
370,The Jungle Book,Francia,11 de diciembre de 1968
371,The Jungle Book,España,13 de diciembre de 1968
372,The Jungle Book,Alemania Occidental,13 de diciembre de 1968
373,The Jungle Book,Portugal,18 de diciembre de 1968
374,The Jungle Book,Australia,19 de diciembre de 1968
375,The Jungle Book,Países Bajos,19 de diciembre de 1968
376,The Jungle Book,Austria,20 de diciembre de 1968
377,The Jungle Book,Bélgica,20 de diciembre de 1968
378,The Jungle Book,Finlandia,20 de diciembre de 1968
379,The Aristocats,Estados Unidos,11 de diciembre de 1970
380,The Aristocats,Estados Unidos,24 de diciembre de 1970
381,The Aristocats,Reino Unido,27 de diciembre de 1970
382,The Aristocats,Filipinas,6 de enero de 1971
383,The Aristocats,Benín,8 de enero de 1971
384,The Aristocats,Camerún,5 de febrero de 1971
385,The Aristocats,Irlanda,2 de julio de 1971
386,The Aristocats,Australia,4 de agosto de 1971
387,The Aristocats,Chile,1 de octubre de 1971
388,The Aristocats,Italia,13 de noviembre de 1971
389,The Aristocats,Grecia,2 de diciembre de 1971
390,The Aristocats,Suecia,3 de diciembre de 1971
391,The Aristocats,España,6 de diciembre de 1971
392,The Aristocats,Francia,8 de diciembre de 1971
393,The Aristocats,Alemania Occidental,15 de diciembre de 1971
394,The Aristocats,Finlandia,17 de diciembre de 1971
395,The Aristocats,Portugal,17 de diciembre de 1971
396,The Aristocats,Noruega,18 de diciembre de 1971
397,The Aristocats,Brasil,20 de diciembre de 1971
398,The Aristocats,Países Bajos,23 de diciembre de 1971
399,Robin Hood,Estados Unidos,8 de noviembre de 1973
400,Robin Hood,Estados Unidos,9 de noviembre de 1973
401,Robin Hood,Grecia,4 de diciembre de 1973
402,Robin Hood,Reino Unido,13 de diciembre de 1973
403,Robin Hood,Benín,14 de diciembre de 1973
404,Robin Hood,Estados Unidos,21 de diciembre de 1973
405,Robin Hood,Canadá,25 de diciembre de 1973
406,Robin Hood,Filipinas,26 de diciembre de 1973
407,Robin Hood,Irlanda,21 de junio de 1974
408,Robin Hood,Argentina,5 de julio de 1974
409,Robin Hood,Bélgica,10 de julio de 1974
410,Robin Hood,México,8 de agosto de 1974
411,Robin Hood,Italia,10 de octubre de 1974
412,Robin Hood,Francia,30 de octubre de 1974
413,Robin Hood,Nueva Zelanda,20 de noviembre de 1974
414,Robin Hood,Suecia,30 de noviembre de 1974
415,Robin Hood,España,5 de diciembre de 1974
416,Robin Hood,Países Bajos,11 de diciembre de 1974
417,Robin Hood,Alemania Occidental,13 de diciembre de 1974
418,Robin Hood,Noruega,19 de diciembre de 1974
419,The Rescuers,Estados Unidos,19 de junio de 1977
420,The Rescuers,Filipinas,22 de junio de 1977
421,The Rescuers,Estados Unidos,22 de junio de 1977
422,The Rescuers,Estados Unidos,6 de julio de 1977
423,The Rescuers,Brasil,22 de julio de 1977
424,The Rescuers,Portugal,27 de julio de 1977
425,The Rescuers,México,3 de agosto de 1977
426,The Rescuers,Benín,7 de octubre de 1977
427,The Rescuers,Reino Unido,13 de octubre de 1977
428,The Rescuers,Reino Unido,14 de octubre de 1977
429,The Rescuers,Grecia,2 de noviembre de 1977
430,The Rescuers,España,25 de noviembre de 1977
431,The Rescuers,Francia,30 de noviembre de 1977
432,The Rescuers,Italia,15 de diciembre de 1977
433,The Rescuers,Países Bajos,15 de diciembre de 1977
434,The Rescuers,Alemania Occidental,16 de diciembre de 1977
435,The Rescuers,Hong Kong,22 de diciembre de 1977
436,The Rescuers,Portugal,22 de diciembre de 1977
437,The Rescuers,Australia,29 de diciembre de 1977
438,The Rescuers,Uruguay,29 de junio de 1978
439,The Fox and the Hound,Canadá,10 de julio de 1981
440,The Fox and the Hound,Estados Unidos,10 de julio de 1981
441,The Fox and the Hound,Filipinas,6 de agosto de 1981
442,The Fox and the Hound,Camerún,7 de agosto de 1981
443,The Fox and the Hound,Benín,14 de agosto de 1981
444,The Fox and the Hound,Chile,10 de septiembre de 1981
445,The Fox and the Hound,Alemania Occidental,13 de noviembre de 1981
446,The Fox and the Hound,Italia,19 de noviembre de 1981
447,The Fox and the Hound,Italia,21 de noviembre de 1981
448,The Fox and the Hound,Francia,25 de noviembre de 1981
449,The Fox and the Hound,España,27 de noviembre de 1981
450,The Fox and the Hound,Dinamarca,4 de diciembre de 1981
451,The Fox and the Hound,Suecia,5 de diciembre de 1981
452,The Fox and the Hound,Finlandia,11 de diciembre de 1981
453,The Fox and the Hound,Reino Unido,18 de diciembre de 1981
454,The Fox and the Hound,Países Bajos,24 de diciembre de 1981
455,The Fox and the Hound,Australia,26 de diciembre de 1981
456,The Fox and the Hound,Hong Kong,14 de enero de 1982
457,The Fox and the Hound,Argentina,11 de febrero de 1982
458,The Fox and the Hound,Portugal,18 de febrero de 1982
459,The Black Cauldron,Canadá,24 de julio de 1985
460,The Black Cauldron,Estados Unidos,24 de julio de 1985
461,The Black Cauldron,Estados Unidos,26 de julio de 1985
462,The Black Cauldron,Reino Unido,11 de octubre de 1985
463,The Black Cauldron,Dinamarca,22 de noviembre de 1985
464,The Black Cauldron,Francia,27 de noviembre de 1985
465,The Black Cauldron,Suecia,29 de noviembre de 1985
466,The Black Cauldron,Filipinas,4 de diciembre de 1985
467,The Black Cauldron,Alemania Occidental,5 de diciembre de 1985
468,The Black Cauldron,Benín,6 de diciembre de 1985
469,The Black Cauldron,Filipinas,11 de diciembre de 1985
470,The Black Cauldron,Finlandia,13 de diciembre de 1985
471,The Black Cauldron,Filipinas,18 de diciembre de 1985
472,The Black Cauldron,España,19 de diciembre de 1985
473,The Black Cauldron,Países Bajos,19 de diciembre de 1985
474,The Black Cauldron,Brasil,27 de diciembre de 1985
475,The Black Cauldron,Hong Kong,20 de febrero de 1986
476,The Black Cauldron,Italia,13 de marzo de 1986
477,The Black Cauldron,Portugal,18 de marzo de 1986
478,The Black Cauldron,Australia,8 de mayo de 1986
479,The Great Mouse Detective,Estados Unidos,23 de junio de 1986
480,The Great Mouse Detective,India,30 de junio de 1986
481,The Great Mouse Detective,Estados Unidos,2 de julio de 1986
482,The Great Mouse Detective,Reino Unido,10 de octubre de 1986
483,The Great Mouse Detective,Francia,26 de noviembre de 1986
484,The Great Mouse Detective,Suecia,28 de noviembre de 1986
485,The Great Mouse Detective,Canadá,2 de diciembre de 1986
486,The Great Mouse Detective,Alemania Occidental,4 de diciembre de 1986
487,The Great Mouse Detective,Dinamarca,5 de diciembre de 1986
488,The Great Mouse Detective,España,5 de diciembre de 1986
489,The Great Mouse Detective,Países Bajos,18 de diciembre de 1986
490,The Great Mouse Detective,Finlandia,19 de diciembre de 1986
491,The Great Mouse Detective,Portugal,19 de diciembre de 1986
492,The Great Mouse Detective,Brasil,25 de diciembre de 1986
493,The Great Mouse Detective,Colombia,25 de diciembre de 1986
494,The Great Mouse Detective,Australia,26 de diciembre de 1986
495,The Great Mouse Detective,Benín,2 de enero de 1987
496,The Great Mouse Detective,Argentina,8 de enero de 1987
497,The Great Mouse Detective,Hong Kong,26 de febrero de 1987
498,The Great Mouse Detective,Italia,16 de abril de 1987
499,Oliver & Company,Estados Unidos,13 de noviembre de 1988
500,Oliver & Company,Filipinas,16 de noviembre de 1988
501,Oliver & Company,Canadá,18 de noviembre de 1988
502,Oliver & Company,Estados Unidos,18 de noviembre de 1988
503,Oliver & Company,Nueva Zelanda,19 de junio de 1989
504,Oliver & Company,Uruguay,8 de julio de 1989
505,Oliver & Company,Argentina,13 de julio de 1989
506,Oliver & Company,Perú,14 de julio de 1989
507,Oliver & Company,Israel,15 de julio de 1989
508,Oliver & Company,Benín,28 de julio de 1989
509,Oliver & Company,Suiza,5 de agosto de 1989
510,Oliver & Company,España,28 de noviembre de 1989
511,Oliver & Company,Francia,29 de noviembre de 1989
512,Oliver & Company,Noruega,30 de noviembre de 1989
513,Oliver & Company,Alemania Occidental,30 de noviembre de 1989
514,Oliver & Company,Austria,1 de diciembre de 1989
515,Oliver & Company,Dinamarca,1 de diciembre de 1989
516,Oliver & Company,Grecia,1 de diciembre de 1989
517,Oliver & Company,Italia,1 de diciembre de 1989
518,Oliver & Company,Suecia,1 de diciembre de 1989
519,The Little Mermaid,Estados Unidos,13 de noviembre de 1989
520,The Little Mermaid,Canadá,17 de noviembre de 1989
521,The Little Mermaid,Estados Unidos,17 de noviembre de 1989
522,The Little Mermaid,Libia,24 de noviembre de 1989
523,The Little Mermaid,Argentina,7 de diciembre de 1989
524,The Little Mermaid,Perú,14 de diciembre de 1989
525,The Little Mermaid,Liberia,29 de diciembre de 1989
526,The Little Mermaid,Chile,12 de marzo de 1990
527,The Little Mermaid,Francia,20 de mayo de 1990
528,The Little Mermaid,Benín,25 de mayo de 1990
529,The Little Mermaid,Camerún,1 de junio de 1990
530,The Little Mermaid,Filipinas,1 de junio de 1990
531,The Little Mermaid,Nueva Zelanda,22 de junio de 1990
532,The Little Mermaid,Australia,5 de julio de 1990
533,The Little Mermaid,Israel,6 de julio de 1990
534,The Little Mermaid,Madagascar,31 de julio de 1990
535,The Little Mermaid,Suiza,2 de agosto de 1990
536,The Little Mermaid,Reino Unido,12 de octubre de 1990
537,The Little Mermaid,Austria,17 de octubre de 1990
538,The Little Mermaid,Dinamarca,16 de noviembre de 1990
539,The Rescuers Down Under,Estados Unidos,16 de noviembre de 1990
540,The Rescuers Down Under,Ucrania,9 de diciembre de 1990
541,The Rescuers Down Under,Brasil,14 de diciembre de 1990
542,The Rescuers Down Under,Canadá,21 de diciembre de 1990
543,The Rescuers Down Under,Australia,13 de junio de 1991
544,The Rescuers Down Under,México,19 de junio de 1991
545,The Rescuers Down Under,Argentina,4 de julio de 1991
546,The Rescuers Down Under,Chile,5 de julio de 1991
547,The Rescuers Down Under,Uruguay,6 de julio de 1991
548,The Rescuers Down Under,Perú,7 de julio de 1991
549,The Rescuers Down Under,Brasil,12 de julio de 1991
550,The Rescuers Down Under,Israel,12 de julio de 1991
551,The Rescuers Down Under,Nueva Zelanda,26 de julio de 1991
552,The Rescuers Down Under,Reino Unido,11 de octubre de 1991
553,The Rescuers Down Under,Irlanda,25 de octubre de 1991
554,The Rescuers Down Under,Francia,27 de noviembre de 1991
555,The Rescuers Down Under,Dinamarca,29 de noviembre de 1991
556,The Rescuers Down Under,Finlandia,29 de noviembre de 1991
557,The Rescuers Down Under,Suecia,29 de noviembre de 1991
558,The Rescuers Down Under,España,4 de diciembre de 1991
559,Beauty and the Beast,Estados Unidos,29 de septiembre de 1991
560,Beauty and the Beast,Estados Unidos,10 de noviembre de 1991
561,Beauty and the Beast,Estados Unidos,13 de noviembre de 1991
562,Beauty and the Beast,Estados Unidos,15 de noviembre de 1991
563,Beauty and the Beast,Canadá,22 de noviembre de 1991
564,Beauty and the Beast,Estados Unidos,22 de noviembre de 1991
565,Beauty and the Beast,Colombia,25 de noviembre de 1991
566,Beauty and the Beast,Benín,6 de diciembre de 1991
567,Beauty and the Beast,Brasil,13 de diciembre de 1991
568,Beauty and the Beast,Bahamas,13 de diciembre de 1991
569,Beauty and the Beast,Zambia,13 de diciembre de 1991
570,Beauty and the Beast,Filipinas,20 de diciembre de 1991
571,Beauty and the Beast,Indonesia,1992
572,Beauty and the Beast,Tailandia,1992
573,Beauty and the Beast,Chile,2 de enero de 1992
574,Beauty and the Beast,Camerún,3 de enero de 1992
575,Beauty and the Beast,Francia,13 de mayo de 1992
576,Beauty and the Beast,Australia,11 de junio de 1992
577,Beauty and the Beast,Brasil,26 de junio de 1992
578,Beauty and the Beast,Uruguay,26 de junio de 1992
579,Aladdin,Estados Unidos,8 de noviembre de 1992
580,Aladdin,Estados Unidos,11 de noviembre de 1992
581,Aladdin,Estados Unidos,11 de noviembre de 1992
582,Aladdin,Estados Unidos,12 de noviembre de 1992
583,Aladdin,Lesoto,25 de noviembre de 1992
584,Aladdin,Estados Unidos,25 de noviembre de 1992
585,Aladdin,Kiribati,26 de noviembre de 1992
586,Aladdin,Mónaco,26 de noviembre de 1992
587,Aladdin,Canadá,27 de noviembre de 1992
588,Aladdin,Dominica,27 de noviembre de 1992
589,Aladdin,República Dominicana,27 de noviembre de 1992
590,Aladdin,Brasil,11 de diciembre de 1992
591,Aladdin,Israel,14 de diciembre de 1992
592,Aladdin,Benín,18 de diciembre de 1992
593,Aladdin,Chile,24 de diciembre de 1992
594,Aladdin,Camerún,25 de diciembre de 1992
595,Aladdin,Siria,25 de diciembre de 1992
596,Aladdin,Kuwait,29 de diciembre de 1992
597,Aladdin,Arabia Saudí,29 de diciembre de 1992
598,Aladdin,Jamaica,30 de diciembre de 1992
599,The Lion King,Estados Unidos,12 de junio de 1994
600,The Lion King,Estados Unidos,15 de junio de 1994
601,The Lion King,Israel,23 de junio de 1994
602,The Lion King,Brasil,24 de junio de 1994
603,The Lion King,Canadá,24 de junio de 1994
604,The Lion King,Lesoto,24 de junio de 1994
605,The Lion King,Túnez,24 de junio de 1994
606,The Lion King,Estados Unidos,24 de junio de 1994
607,The Lion King,Uruguay,24 de junio de 1994
608,The Lion King,Chile,30 de junio de 1994
609,The Lion King,Colombia,30 de junio de 1994
610,The Lion King,Brasil,1 de julio de 1994
611,The Lion King,Camerún,1 de julio de 1994
612,The Lion King,Corea del Sur,2 de julio de 1994
613,The Lion King,México,3 de julio de 1994
614,The Lion King,Venezuela,6 de julio de 1994
615,The Lion King,Argentina,7 de julio de 1994
616,The Lion King,México,7 de julio de 1994
617,The Lion King,Hong Kong,8 de julio de 1994
618,The Lion King,Perú,8 de julio de 1994
619,Pocahontas,Estados Unidos,10 de junio de 1995
620,Pocahontas,Estados Unidos,16 de junio de 1995
621,Pocahontas,Canadá,23 de junio de 1995
622,Pocahontas,Colombia,23 de junio de 1995
623,Pocahontas,Estados Unidos,23 de junio de 1995
624,Pocahontas,Uruguay,23 de junio de 1995
625,Pocahontas,Israel,26 de junio de 1995
626,Pocahontas,Brasil,30 de junio de 1995
627,Pocahontas,Corea del Sur,30 de junio de 1995
628,Pocahontas,México,30 de junio de 1995
629,Pocahontas,Venezuela,5 de julio de 1995
630,Pocahontas,Argentina,6 de julio de 1995
631,Pocahontas,Perú,6 de julio de 1995
632,Pocahontas,Hong Kong,7 de julio de 1995
633,Pocahontas,Rusia,13 de julio de 1995
634,Pocahontas,Taiwán,14 de julio de 1995
635,Pocahontas,Bolivia,20 de julio de 1995
636,Pocahontas,Japón,21 de julio de 1995
637,Pocahontas,Belice,28 de julio de 1995
638,Pocahontas,Costa Rica,28 de julio de 1995
639,The Hunchback of Notre Dame,Estados Unidos,19 de junio de 1996
640,The Hunchback of Notre Dame,Estados Unidos,21 de junio de 1996
641,The Hunchback of Notre Dame,Canadá,24 de junio de 1996
642,The Hunchback of Notre Dame,Argentina,27 de junio de 1996
643,The Hunchback of Notre Dame,Brasil,28 de junio de 1996
644,The Hunchback of Notre Dame,Uruguay,28 de junio de 1996
645,The Hunchback of Notre Dame,México,4 de julio de 1996
646,The Hunchback of Notre Dame,Corea del Sur,6 de julio de 1996
647,The Hunchback of Notre Dame,Israel,11 de julio de 1996
648,The Hunchback of Notre Dame,Reino Unido,19 de julio de 1996
649,The Hunchback of Notre Dame,Irlanda,19 de julio de 1996
650,The Hunchback of Notre Dame,Japón,24 de agosto de 1996
651,The Hunchback of Notre Dame,Australia,12 de septiembre de 1996
652,The Hunchback of Notre Dame,Dinamarca,18 de septiembre de 1996
653,The Hunchback of Notre Dame,Grecia,5 de octubre de 1996
654,The Hunchback of Notre Dame,Benín,1 de noviembre de 1996
655,The Hunchback of Notre Dame,Portugal,12 de noviembre de 1996
656,The Hunchback of Notre Dame,Dinamarca,15 de noviembre de 1996
657,The Hunchback of Notre Dame,Polonia,15 de noviembre de 1996
658,The Hunchback of Notre Dame,Suecia,15 de noviembre de 1996
659,Hercules,Estados Unidos,13 de junio de 1997
660,Hercules,Estados Unidos,14 de junio de 1997
661,Hercules,Canadá,27 de junio de 1997
662,Hercules,Estados Unidos,27 de junio de 1997
663,Hercules,Uruguay,27 de junio de 1997
664,Hercules,Argentina,3 de julio de 1997
665,Hercules,Brasil,4 de julio de 1997
666,Hercules,México,4 de julio de 1997
667,Hercules,Corea del Sur,5 de julio de 1997
668,Hercules,Hong Kong,10 de julio de 1997
669,Hercules,Grecia,12 de julio de 1997
670,Hercules,Taiwán,12 de julio de 1997
671,Hercules,Granada,24 de julio de 1997
672,Hercules,El Salvador,25 de julio de 1997
673,Hercules,Japón,26 de julio de 1997
674,Hercules,Azerbaiyán,10 de agosto de 1997
675,Hercules,Bielorrusia,10 de agosto de 1997
676,Hercules,Kazajistán,10 de agosto de 1997
677,Hercules,Ruanda,14 de agosto de 1997
678,Hercules,Singapur,20 de agosto de 1997
679,Mulan,Estados Unidos,5 de junio de 1998
680,Mulan,Singapur,18 de junio de 1998
681,Mulan,Canadá,19 de junio de 1998
682,Mulan,Israel,19 de junio de 1998
683,Mulan,Estados Unidos,19 de junio de 1998
684,Mulan,Chile,25 de junio de 1998
685,Mulan,Uruguay,26 de junio de 1998
686,Mulan,Brasil,1 de julio de 1998
687,Mulan,México,3 de julio de 1998
688,Mulan,Taiwán,4 de julio de 1998
689,Mulan,Argentina,9 de julio de 1998
690,Mulan,Hong Kong,9 de julio de 1998
691,Mulan,Benín,10 de julio de 1998
692,Mulan,Camerún,10 de julio de 1998
693,Mulan,Filipinas,15 de julio de 1998
694,Mulan,Azerbaiyán,16 de julio de 1998
695,Mulan,Kirguistán,16 de julio de 1998
696,Mulan,Tayikistán,16 de julio de 1998
697,Mulan,Turkmenistán,16 de julio de 1998
698,Mulan,Uzbekistán,16 de julio de 1998
699,Tarzan,Estados Unidos,12 de junio de 1999
700,Tarzan,Estados Unidos,16 de junio de 1999
701,Tarzan,Israel,17 de junio de 1999
702,Tarzan,Malasia,17 de junio de 1999
703,Tarzan,Singapur,17 de junio de 1999
704,Tarzan,Canadá,18 de junio de 1999
705,Tarzan,Colombia,18 de junio de 1999
706,Tarzan,Estados Unidos,18 de junio de 1999
707,Tarzan,Uruguay,25 de junio de 1999
708,Tarzan,Brasil,2 de julio de 1999
709,Tarzan,Sudáfrica,2 de julio de 1999
710,Tarzan,Argentina,8 de julio de 1999
711,Tarzan,Indonesia,9 de julio de 1999
712,Tarzan,Hong Kong,10 de julio de 1999
713,Tarzan,Filipinas,14 de julio de 1999
714,Tarzan,México,16 de julio de 1999
715,Tarzan,Corea del Sur,17 de julio de 1999
716,Tarzan,Taiwán,17 de julio de 1999
717,Tarzan,Filipinas,4 de agosto de 1999
718,Tarzan,Egipto,1 de septiembre de 1999
719,Fantasia 2000,Estados Unidos,17 de diciembre de 1999
720,Fantasia 2000,Estados Unidos,17 de diciembre de 1999
721,Fantasia 2000,Reino Unido,21 de diciembre de 1999
722,Fantasia 2000,Francia,22 de diciembre de 1999
723,Fantasia 2000,Japón,27 de diciembre de 1999
724,Fantasia 2000,Benín,31 de diciembre de 1999
725,Fantasia 2000,Rusia,31 de diciembre de 1999
726,Fantasia 2000,Estados Unidos,31 de diciembre de 1999
727,Fantasia 2000,Bélgica,1 de enero de 2000
728,Fantasia 2000,Benín,1 de enero de 2000
729,Fantasia 2000,Alemania,1 de enero de 2000
730,Fantasia 2000,España,1 de enero de 2000
731,Fantasia 2000,Francia,1 de enero de 2000
732,Fantasia 2000,Reino Unido,1 de enero de 2000
733,Fantasia 2000,Hong Kong,1 de enero de 2000
734,Fantasia 2000,Irlanda,1 de enero de 2000
735,Fantasia 2000,Japón,1 de enero de 2000
736,Fantasia 2000,México,1 de enero de 2000
737,Fantasia 2000,Países Bajos,1 de enero de 2000
738,Fantasia 2000,Singapur,1 de enero de 2000
739,Dinosaur,Estados Unidos,13 de mayo de 2000
740,Dinosaur,Camerún,19 de mayo de 2000
741,Dinosaur,Malta,19 de mayo de 2000
742,Dinosaur,Estados Unidos,19 de mayo de 2000
743,Dinosaur,Argentina,15 de junio de 2000
744,Dinosaur,Australia,15 de junio de 2000
745,Dinosaur,Baréin,15 de junio de 2000
746,Dinosaur,República Democrática del Congo,15 de junio de 2000
747,Dinosaur,Suiza,15 de junio de 2000
748,Dinosaur,Chile,15 de junio de 2000
749,Dinosaur,República Checa,15 de junio de 2000
750,Dinosaur,Alemania,15 de junio de 2000
751,Dinosaur,Georgia,15 de junio de 2000
752,Dinosaur,Hong Kong,15 de junio de 2000
753,Dinosaur,Croacia,15 de junio de 2000
754,Dinosaur,Italia,15 de junio de 2000
755,Dinosaur,North Macedonia,"June 15, 2000"
756,Dinosaur,Malasia,15 de junio de 2000
757,Dinosaur,Países Bajos,15 de junio de 2000
758,Dinosaur,Nueva Zelanda,15 de junio de 2000
759,The Emperor's New Groove,India,22 de noviembre de 2000
760,The Emperor's New Groove,Estados Unidos,10 de diciembre de 2000
761,The Emperor's New Groove,Estados Unidos,10 de diciembre de 2000
762,The Emperor's New Groove,Benín,15 de diciembre de 2000
763,The Emperor's New Groove,Canadá,15 de diciembre de 2000
764,The Emperor's New Groove,Camerún,15 de diciembre de 2000
765,The Emperor's New Groove,China,15 de diciembre de 2000
766,The Emperor's New Groove,Estados Unidos,15 de diciembre de 2000
767,The Emperor's New Groove,Georgia,16 de diciembre de 2000
768,The Emperor's New Groove,Guayana,25 de diciembre de 2000
769,The Emperor's New Groove,Brasil,29 de diciembre de 2000
770,The Emperor's New Groove,Bosnia-Herzegovina,31 de diciembre de 2000
771,The Emperor's New Groove,Baréin,1 de enero de 2001
772,The Emperor's New Groove,Armenia,3 de enero de 2001
773,The Emperor's New Groove,Filipinas,4 de enero de 2001
774,The Emperor's New Groove,Azerbaiyán,5 de enero de 2001
775,The Emperor's New Groove,Bielorrusia,5 de enero de 2001
776,The Emperor's New Groove,Kazajistán,5 de enero de 2001
777,The Emperor's New Groove,Ucrania,7 de enero de 2001
778,The Emperor's New Groove,Angola,10 de enero de 2001
779,Atlantis: The Lost Empire,Emiratos Árabes Unidos,2 de junio de 2001
780,Atlantis: The Lost Empire,Kuwait,2 de junio de 2001
781,Atlantis: The Lost Empire,Estados Unidos,3 de junio de 2001
782,Atlantis: The Lost Empire,Benín,8 de junio de 2001
783,Atlantis: The Lost Empire,Estados Unidos,8 de junio de 2001
784,Atlantis: The Lost Empire,Estados Unidos,8 de junio de 2001
785,Atlantis: The Lost Empire,Canadá,15 de junio de 2001
786,Atlantis: The Lost Empire,Estados Unidos,15 de junio de 2001
787,Atlantis: The Lost Empire,Azerbaiyán,21 de junio de 2001
788,Atlantis: The Lost Empire,Líbano,21 de junio de 2001
789,Atlantis: The Lost Empire,Malasia,21 de junio de 2001
790,Atlantis: The Lost Empire,Serbia,21 de junio de 2001
791,Atlantis: The Lost Empire,Rusia,21 de junio de 2001
792,Atlantis: The Lost Empire,Singapur,21 de junio de 2001
793,Atlantis: The Lost Empire,Eslovaquia,21 de junio de 2001
794,Atlantis: The Lost Empire,Tailandia,21 de junio de 2001
795,Atlantis: The Lost Empire,Colombia,22 de junio de 2001
796,Atlantis: The Lost Empire,Guatemala,22 de junio de 2001
797,Atlantis: The Lost Empire,Baréin,26 de junio de 2001
798,Atlantis: The Lost Empire,Venezuela,27 de junio de 2001
799,Lilo & Stitch,India,16 de junio de 2002
800,Lilo & Stitch,Estados Unidos,16 de junio de 2002
801,Lilo & Stitch,Uruguay,19 de junio de 2002
802,Lilo & Stitch,Canadá,21 de junio de 2002
803,Lilo & Stitch,Colombia,21 de junio de 2002
804,Lilo & Stitch,Italia,21 de junio de 2002
805,Lilo & Stitch,Estados Unidos,21 de junio de 2002
806,Lilo & Stitch,Francia,22 de junio de 2002
807,Lilo & Stitch,Bélgica,26 de junio de 2002
808,Lilo & Stitch,Venezuela,26 de junio de 2002
809,Lilo & Stitch,Suiza,27 de junio de 2002
810,Lilo & Stitch,Países Bajos,27 de junio de 2002
811,Lilo & Stitch,Brasil,28 de junio de 2002
812,Lilo & Stitch,México,28 de junio de 2002
813,Lilo & Stitch,Portugal,28 de junio de 2002
814,Lilo & Stitch,Austria,4 de julio de 2002
815,Lilo & Stitch,Alemania,4 de julio de 2002
816,Lilo & Stitch,Israel,4 de julio de 2002
817,Lilo & Stitch,Perú,4 de julio de 2002
818,Lilo & Stitch,España,5 de julio de 2002
819,Treasure Planet,Francia,5 de noviembre de 2002
820,Treasure Planet,Estados Unidos,17 de noviembre de 2002
821,Treasure Planet,República Checa,21 de noviembre de 2002
822,Treasure Planet,Canadá,27 de noviembre de 2002
823,Treasure Planet,Francia,27 de noviembre de 2002
824,Treasure Planet,Estados Unidos,27 de noviembre de 2002
825,Treasure Planet,Dinamarca,29 de noviembre de 2002
826,Treasure Planet,Polonia,29 de noviembre de 2002
827,Treasure Planet,Austria,5 de diciembre de 2002
828,Treasure Planet,Alemania,5 de diciembre de 2002
829,Treasure Planet,España,5 de diciembre de 2002
830,Treasure Planet,Uruguay,5 de diciembre de 2002
831,Treasure Planet,Estonia,6 de diciembre de 2002
832,Treasure Planet,Lituania,6 de diciembre de 2002
833,Treasure Planet,Portugal,6 de diciembre de 2002
834,Treasure Planet,Países Bajos,8 de diciembre de 2002
835,Treasure Planet,Bélgica,11 de diciembre de 2002
836,Treasure Planet,Argentina,12 de diciembre de 2002
837,Treasure Planet,México,12 de diciembre de 2002
838,Treasure Planet,Nueva Zelanda,12 de diciembre de 2002
839,Brother Bear,Estados Unidos,20 de octubre de 2003
840,Brother Bear,Estados Unidos,24 de octubre de 2003
841,Brother Bear,Canadá,1 de noviembre de 2003
842,Brother Bear,Estados Unidos,1 de noviembre de 2003
843,Brother Bear,Argentina,4 de diciembre de 2003
844,Brother Bear,Reino Unido,5 de diciembre de 2003
845,Brother Bear,Irlanda,5 de diciembre de 2003
846,Brother Bear,Paraguay,5 de diciembre de 2003
847,Brother Bear,Uruguay,5 de diciembre de 2003
848,Brother Bear,Brasil,12 de diciembre de 2003
849,Brother Bear,Chile,12 de diciembre de 2003
850,Brother Bear,México,17 de diciembre de 2003
851,Brother Bear,Panamá,19 de diciembre de 2003
852,Brother Bear,Bolivia,25 de diciembre de 2003
853,Brother Bear,Nueva Zelanda,25 de diciembre de 2003
854,Brother Bear,Perú,25 de diciembre de 2003
855,Brother Bear,Australia,26 de diciembre de 2003
856,Brother Bear,Colombia,28 de diciembre de 2003
857,Brother Bear,Tailandia,31 de diciembre de 2003
858,Brother Bear,Taiwán,16 de enero de 2004
859,Home on the Range,Canadá,2 de abril de 2004
860,Home on the Range,Estados Unidos,2 de abril de 2004
861,Home on the Range,Estados Unidos,2 de abril de 2004
862,Home on the Range,Polonia,28 de mayo de 2004
863,Home on the Range,Nueva Zelanda,junio de 2004
864,Home on the Range,Filipinas,16 de junio de 2004
865,Home on the Range,Singapur,17 de junio de 2004
866,Home on the Range,Croacia,26 de junio de 2004
867,Home on the Range,Uruguay,2 de julio de 2004
868,Home on the Range,Baréin,7 de julio de 2004
869,Home on the Range,Argentina,8 de julio de 2004
870,Home on the Range,Chile,8 de julio de 2004
871,Home on the Range,Brasil,9 de julio de 2004
872,Home on the Range,Bélgica,21 de julio de 2004
873,Home on the Range,Países Bajos,21 de julio de 2004
874,Home on the Range,Israel,22 de julio de 2004
875,Home on the Range,México,23 de julio de 2004
876,Home on the Range,Panamá,23 de julio de 2004
877,Home on the Range,Francia,28 de julio de 2004
878,Home on the Range,Nigeria,28 de julio de 2004
879,Chicken Little,Estados Unidos,30 de octubre de 2005
880,Chicken Little,Malasia,3 de noviembre de 2005
881,Chicken Little,Omán,3 de noviembre de 2005
882,Chicken Little,Rusia,3 de noviembre de 2005
883,Chicken Little,Siria,3 de noviembre de 2005
884,Chicken Little,Ucrania,3 de noviembre de 2005
885,Chicken Little,Armenia,4 de noviembre de 2005
886,Chicken Little,Bielorrusia,4 de noviembre de 2005
887,Chicken Little,Canadá,4 de noviembre de 2005
888,Chicken Little,Ecuador,4 de noviembre de 2005
889,Chicken Little,Kirguistán,4 de noviembre de 2005
890,Chicken Little,Kazajistán,4 de noviembre de 2005
891,Chicken Little,Sri Lanka,4 de noviembre de 2005
892,Chicken Little,México,4 de noviembre de 2005
893,Chicken Little,Surinam,4 de noviembre de 2005
894,Chicken Little,Taiwán,4 de noviembre de 2005
895,Chicken Little,Estados Unidos,4 de noviembre de 2005
896,Chicken Little,Vietnam,6 de noviembre de 2005
897,Chicken Little,Bélgica,9 de noviembre de 2005
898,Chicken Little,Baréin,10 de noviembre de 2005
899,Meet the Robinsons,Reino Unido,23 de marzo de 2007
900,Meet the Robinsons,Israel,24 de marzo de 2007
901,Meet the Robinsons,Argentina,29 de marzo de 2007
902,Meet the Robinsons,Austria,29 de marzo de 2007
903,Meet the Robinsons,Australia,29 de marzo de 2007
904,Meet the Robinsons,Alemania,29 de marzo de 2007
905,Meet the Robinsons,Malasia,29 de marzo de 2007
906,Meet the Robinsons,Portugal,29 de marzo de 2007
907,Meet the Robinsons,Rusia,29 de marzo de 2007
908,Meet the Robinsons,Eslovenia,29 de marzo de 2007
909,Meet the Robinsons,Ucrania,29 de marzo de 2007
910,Meet the Robinsons,Canadá,30 de marzo de 2007
911,Meet the Robinsons,Colombia,30 de marzo de 2007
912,Meet the Robinsons,España,30 de marzo de 2007
913,Meet the Robinsons,Reino Unido,30 de marzo de 2007
914,Meet the Robinsons,Irlanda,30 de marzo de 2007
915,Meet the Robinsons,Islandia,30 de marzo de 2007
916,Meet the Robinsons,Letonia,30 de marzo de 2007
917,Meet the Robinsons,México,30 de marzo de 2007
918,Meet the Robinsons,Panamá,30 de marzo de 2007
919,Bolt,Estados Unidos,17 de noviembre de 2008
920,Bolt,Canadá,21 de noviembre de 2008
921,Bolt,Estados Unidos,21 de noviembre de 2008
922,Bolt,Filipinas,26 de noviembre de 2008
923,Bolt,Kazajistán,27 de noviembre de 2008
924,Bolt,Rusia,27 de noviembre de 2008
925,Bolt,Italia,28 de noviembre de 2008
926,Bolt,Polonia,28 de noviembre de 2008
927,Bolt,Indonesia,3 de diciembre de 2008
928,Bolt,Israel,4 de diciembre de 2008
929,Bolt,Singapur,4 de diciembre de 2008
930,Bolt,España,5 de diciembre de 2008
931,Bolt,Venezuela,5 de diciembre de 2008
932,Bolt,Portugal,11 de diciembre de 2008
933,Bolt,Egipto,17 de diciembre de 2008
934,Bolt,Ucrania,18 de diciembre de 2008
935,Bolt,Bulgaria,19 de diciembre de 2008
936,Bolt,México,19 de diciembre de 2008
937,Bolt,Taiwán,19 de diciembre de 2008
938,Bolt,Chile,25 de diciembre de 2008
939,The Princess and the Frog,Estados Unidos,15 de noviembre de 2009
940,The Princess and the Frog,Estados Unidos,25 de noviembre de 2009
941,The Princess and the Frog,Estados Unidos,25 de noviembre de 2009
942,The Princess and the Frog,Chile,3 de diciembre de 2009
943,The Princess and the Frog,Venezuela,4 de diciembre de 2009
944,The Princess and the Frog,Austria,10 de diciembre de 2009
945,The Princess and the Frog,Suiza,10 de diciembre de 2009
946,The Princess and the Frog,Alemania,10 de diciembre de 2009
947,The Princess and the Frog,Líbano,10 de diciembre de 2009
948,The Princess and the Frog,Malasia,10 de diciembre de 2009
949,The Princess and the Frog,Singapur,10 de diciembre de 2009
950,The Princess and the Frog,Brasil,11 de diciembre de 2009
951,The Princess and the Frog,Canadá,11 de diciembre de 2009
952,The Princess and the Frog,Ghana,11 de diciembre de 2009
953,The Princess and the Frog,México,11 de diciembre de 2009
954,The Princess and the Frog,Estados Unidos,11 de diciembre de 2009
955,The Princess and the Frog,Emiratos Árabes Unidos,14 de diciembre de 2009
956,The Princess and the Frog,Argentina,15 de diciembre de 2009
957,The Princess and the Frog,Italia,18 de diciembre de 2009
958,The Princess and the Frog,Emiratos Árabes Unidos,24 de diciembre de 2009
959,Tangled,Bangladesh,24 de noviembre de 2010
960,Tangled,Canadá,24 de noviembre de 2010
961,Tangled,Estados Unidos,24 de noviembre de 2010
962,Tangled,Israel,25 de noviembre de 2010
963,Tangled,Kazajistán,25 de noviembre de 2010
964,Tangled,Malasia,25 de noviembre de 2010
965,Tangled,Rusia,25 de noviembre de 2010
966,Tangled,Singapur,25 de noviembre de 2010
967,Tangled,Indonesia,26 de noviembre de 2010
968,Tangled,Italia,26 de noviembre de 2010
969,Tangled,México,26 de noviembre de 2010
970,Tangled,Polonia,26 de noviembre de 2010
971,Tangled,Vietnam del Norte,26 de noviembre de 2010
972,Tangled,Venezuela,26 de noviembre de 2010
973,Tangled,Estados Unidos Islas Vírgenes,26 de noviembre de 2010
974,Tangled,Bélgica,1 de diciembre de 2010
975,Tangled,Suiza,1 de diciembre de 2010
976,Tangled,Egipto,1 de diciembre de 2010
977,Tangled,Francia,1 de diciembre de 2010
978,Tangled,Países Bajos,1 de diciembre de 2010
979,Winnie the Pooh,Bélgica,6 de abril de 2011
980,Winnie the Pooh,Irlanda,10 de abril de 2011
981,Winnie the Pooh,Suiza,13 de abril de 2011
982,Winnie the Pooh,Francia,13 de abril de 2011
983,Winnie the Pooh,Austria,14 de abril de 2011
984,Winnie the Pooh,Alemania,14 de abril de 2011
985,Winnie the Pooh,Reino Unido,15 de abril de 2011
986,Winnie the Pooh,Irlanda,15 de abril de 2011
987,Winnie the Pooh,México,15 de abril de 2011
988,Winnie the Pooh,Turquía,15 de abril de 2011
989,Winnie the Pooh,Uruguay,15 de abril de 2011
990,Winnie the Pooh,España,20 de abril de 2011
991,Winnie the Pooh,Italia,20 de abril de 2011
992,Winnie the Pooh,Grecia,21 de abril de 2011
993,Winnie the Pooh,Países Bajos,21 de abril de 2011
994,Winnie the Pooh,República Checa,27 de abril de 2011
995,Winnie the Pooh,Panamá,29 de abril de 2011
996,Winnie the Pooh,Colombia,5 de mayo de 2011
997,Winnie the Pooh,República Checa,5 de mayo de 2011
998,Winnie the Pooh,Ecuador,5 de mayo de 2011
999,Wreck-It Ralph,Emiratos Árabes Unidos,1 de noviembre de 2012
1000,Wreck-It Ralph,Hungría,1 de noviembre de 2012
1001,Wreck-It Ralph,Kuwait,1 de noviembre de 2012
1002,Wreck-It Ralph,Líbano,1 de noviembre de 2012
1003,Wreck-It Ralph,Filipinas,1 de noviembre de 2012
1004,Wreck-It Ralph,Rusia,1 de noviembre de 2012
1005,Wreck-It Ralph,Ucrania,1 de noviembre de 2012
1006,Wreck-It Ralph,Bulgaria,2 de noviembre de 2012
1007,Wreck-It Ralph,Canadá,2 de noviembre de 2012
1008,Wreck-It Ralph,México,2 de noviembre de 2012
1009,Wreck-It Ralph,Rumanía,2 de noviembre de 2012
1010,Wreck-It Ralph,Estados Unidos,2 de noviembre de 2012
1011,Wreck-It Ralph,China,6 de noviembre de 2012
1012,Wreck-It Ralph,Bangladesh,7 de noviembre de 2012
1013,Wreck-It Ralph,Serbia y Montenegro,8 de noviembre de 2012
1014,Wreck-It Ralph,Portugal,8 de noviembre de 2012
1015,Wreck-It Ralph,Indonesia,9 de noviembre de 2012
1016,Wreck-It Ralph,India,9 de noviembre de 2012
1017,Wreck-It Ralph,Islandia,9 de noviembre de 2012
1018,Wreck-It Ralph,Vietnam,9 de noviembre de 2012
1019,Frozen,Estados Unidos,10 de noviembre de 2013
1020,Frozen,Irlanda,17 de noviembre de 2013
1021,Frozen,Estados Unidos,19 de noviembre de 2013
1022,Frozen,Armenia,20 de noviembre de 2013
1023,Frozen,Camerún,20 de noviembre de 2013
1024,Frozen,Francia,20 de noviembre de 2013
1025,Frozen,Georgia,20 de noviembre de 2013
1026,Frozen,Estados Unidos,22 de noviembre de 2013
1027,Frozen,Canadá,27 de noviembre de 2013
1028,Frozen,Filipinas,27 de noviembre de 2013
1029,Frozen,Estados Unidos,27 de noviembre de 2013
1030,Frozen,Austria,28 de noviembre de 2013
1031,Frozen,República Checa,28 de noviembre de 2013
1032,Frozen,Alemania,28 de noviembre de 2013
1033,Frozen,Croacia,28 de noviembre de 2013
1034,Frozen,Israel,28 de noviembre de 2013
1035,Frozen,North Macedonia,"November 28, 2013"
1036,Frozen,Malasia,28 de noviembre de 2013
1037,Frozen,Portugal,28 de noviembre de 2013
1038,Frozen,Singapur,28 de noviembre de 2013
1039,Big Hero 6,Japón,23 de octubre de 2014
1040,Big Hero 6,Azerbaiyán,25 de octubre de 2014
1041,Big Hero 6,Bielorrusia,25 de octubre de 2014
1042,Big Hero 6,Kazajistán,25 de octubre de 2014
1043,Big Hero 6,Rusia,25 de octubre de 2014
1044,Big Hero 6,Ucrania,25 de octubre de 2014
1045,Big Hero 6,Estados Unidos,25 de octubre de 2014
1046,Big Hero 6,Estados Unidos,26 de octubre de 2014
1047,Big Hero 6,Estados Unidos,26 de octubre de 2014
1048,Big Hero 6,Estados Unidos,27 de octubre de 2014
1049,Big Hero 6,Emiratos Árabes Unidos,31 de octubre de 2014
1050,Big Hero 6,Estados Unidos,1 de noviembre de 2014
1051,Big Hero 6,Estados Unidos,4 de noviembre de 2014
1052,Big Hero 6,Egipto,5 de noviembre de 2014
1053,Big Hero 6,Emiratos Árabes Unidos,6 de noviembre de 2014
1054,Big Hero 6,República Dominicana,6 de noviembre de 2014
1055,Big Hero 6,Grecia,6 de noviembre de 2014
1056,Big Hero 6,Irak,6 de noviembre de 2014
1057,Big Hero 6,Kuwait,6 de noviembre de 2014
1058,Big Hero 6,Líbano,6 de noviembre de 2014
1059,Zootopia,Bélgica,10 de febrero de 2016
1060,Zootopia,Dinamarca,11 de febrero de 2016
1061,Zootopia,España,12 de febrero de 2016
1062,Zootopia,Bélgica,13 de febrero de 2016
1063,Zootopia,Suiza,17 de febrero de 2016
1064,Zootopia,Francia,17 de febrero de 2016
1065,Zootopia,Indonesia,17 de febrero de 2016
1066,Zootopia,Corea del Sur,17 de febrero de 2016
1067,Zootopia,Países Bajos,17 de febrero de 2016
1068,Zootopia,Niue,17 de febrero de 2016
1069,Zootopia,Filipinas,17 de febrero de 2016
1070,Zootopia,Estados Unidos,17 de febrero de 2016
1071,Zootopia,Argentina,18 de febrero de 2016
1072,Zootopia,Brasil,18 de febrero de 2016
1073,Zootopia,Chile,18 de febrero de 2016
1074,Zootopia,Colombia,18 de febrero de 2016
1075,Zootopia,Italia,18 de febrero de 2016
1076,Zootopia,México,18 de febrero de 2016
1077,Zootopia,Perú,18 de febrero de 2016
1078,Zootopia,Uruguay,18 de febrero de 2016
1079,Moana,Estados Unidos,14 de noviembre de 2016
1080,Moana,Francia,16 de noviembre de 2016
1081,Moana,Ucrania,22 de noviembre de 2016
1082,Moana,Canadá,23 de noviembre de 2016
1083,Moana,Estados Unidos,23 de noviembre de 2016
1084,Moana,Emiratos Árabes Unidos,24 de noviembre de 2016
1085,Moana,Albania,24 de noviembre de 2016
1086,Moana,Azerbaiyán,24 de noviembre de 2016
1087,Moana,Bielorrusia,24 de noviembre de 2016
1088,Moana,República Checa,24 de noviembre de 2016
1089,Moana,Croacia,24 de noviembre de 2016
1090,Moana,Camboya,24 de noviembre de 2016
1091,Moana,North Macedonia,"November 24, 2016"
1092,Moana,Portugal,24 de noviembre de 2016
1093,Moana,Serbia,24 de noviembre de 2016
1094,Moana,Singapur,24 de noviembre de 2016
1095,Moana,Eslovenia,24 de noviembre de 2016
1096,Moana,Kosovo,24 de noviembre de 2016
1097,Moana,Barbados,25 de noviembre de 2016
1098,Moana,Bulgaria,25 de noviembre de 2016
1099,Ralph Breaks the Internet,Estados Unidos,5 de noviembre de 2018
1100,Ralph Breaks the Internet,Burkina Faso,21 de noviembre de 2018
1101,Ralph Breaks the Internet,Canadá,21 de noviembre de 2018
1102,Ralph Breaks the Internet,Chile,21 de noviembre de 2018
1103,Ralph Breaks the Internet,Croacia,21 de noviembre de 2018
1104,Ralph Breaks the Internet,Jamaica,21 de noviembre de 2018
1105,Ralph Breaks the Internet,Lesoto,21 de noviembre de 2018
1106,Ralph Breaks the Internet,Niue,21 de noviembre de 2018
1107,Ralph Breaks the Internet,Filipinas,21 de noviembre de 2018
1108,Ralph Breaks the Internet,Ucrania,21 de noviembre de 2018
1109,Ralph Breaks the Internet,Estados Unidos Islas Vírgenes,21 de noviembre de 2018
1110,Ralph Breaks the Internet,Emiratos Árabes Unidos,22 de noviembre de 2018
1111,Ralph Breaks the Internet,Bután,22 de noviembre de 2018
1112,Ralph Breaks the Internet,Islas Cocos,22 de noviembre de 2018
1113,Ralph Breaks the Internet,Colombia,22 de noviembre de 2018
1114,Ralph Breaks the Internet,Egipto,22 de noviembre de 2018
1115,Ralph Breaks the Internet,Gambia,22 de noviembre de 2018
1116,Ralph Breaks the Internet,Grecia,22 de noviembre de 2018
1117,Ralph Breaks the Internet,Israel,22 de noviembre de 2018
1118,Ralph Breaks the Internet,Kuwait,22 de noviembre de 2018
1119,Frozen II,Estados Unidos,7 de noviembre de 2019
1120,Frozen II,Bélgica,20 de noviembre de 2019
1121,Frozen II,Alemania,20 de noviembre de 2019
1122,Frozen II,Egipto,20 de noviembre de 2019
1123,Frozen II,Francia,20 de noviembre de 2019
1124,Frozen II,Indonesia,20 de noviembre de 2019
1125,Frozen II,Países Bajos,20 de noviembre de 2019
1126,Frozen II,Niue,20 de noviembre de 2019
1127,Frozen II,Filipinas,20 de noviembre de 2019
1128,Frozen II,Turquía,20 de noviembre de 2019
1129,Frozen II,Emiratos Árabes Unidos,21 de noviembre de 2019
1130,Frozen II,Austria,21 de noviembre de 2019
1131,Frozen II,Colombia,21 de noviembre de 2019
1132,Frozen II,Guinea Ecuatorial,21 de noviembre de 2019
1133,Frozen II,Hong Kong,21 de noviembre de 2019
1134,Frozen II,Croacia,21 de noviembre de 2019
1135,Frozen II,Hungría,21 de noviembre de 2019
1136,Frozen II,Israel,21 de noviembre de 2019
1137,Frozen II,Corea del Sur,21 de noviembre de 2019
1138,Frozen II,Kuwait,21 de noviembre de 2019
1139,Raya and the Last Dragon,Samoa Americana,3 de marzo de 2021
1140,Raya and the Last Dragon,Bélgica,3 de marzo de 2021
1141,Raya and the Last Dragon,Indonesia,3 de marzo de 2021
1142,Raya and the Last Dragon,Países Bajos,3 de marzo de 2021
1143,Raya and the Last Dragon,Emiratos Árabes Unidos,4 de marzo de 2021
1144,Raya and the Last Dragon,Australia,4 de marzo de 2021
1145,Raya and the Last Dragon,Chile,4 de marzo de 2021
1146,Raya and the Last Dragon,Costa Rica,4 de marzo de 2021
1147,Raya and the Last Dragon,Gambia,4 de marzo de 2021
1148,Raya and the Last Dragon,Corea del Sur,4 de marzo de 2021
1149,Raya and the Last Dragon,Nicaragua,4 de marzo de 2021
1150,Raya and the Last Dragon,Rusia,4 de marzo de 2021
1151,Raya and the Last Dragon,Tailandia,4 de marzo de 2021
1152,Raya and the Last Dragon,Ucrania,4 de marzo de 2021
1153,Raya and the Last Dragon,Uruguay,4 de marzo de 2021
1154,Raya and the Last Dragon,Argentina,5 de marzo de 2021
1155,Raya and the Last Dragon,Benín,5 de marzo de 2021
1156,Raya and the Last Dragon,Brasil,5 de marzo de 2021
1157,Raya and the Last Dragon,Bután,5 de marzo de 2021
