,title,Production company,Release date,Running time,Country,Language,Running time (int),Budget (float),Box office (float),Release date (datetime),imdb,metascore,rotten_tomatoes,Directed by,Produced by,Written by,Based on,Starring,Music by,Distributed by,Budget,Box office,Story by,Narrated by,Cinematography,Edited by,Screenplay by,Production companies,Adaptation by,Traditional,Simplified
0,Snow White and the Seven Dwarfs,Walt Disney Productions,"['December 21, 1937 ( Carthay Circle Theatre , Los Angeles , CA )', 'February 4, 1938 (United States)']",83 minutes,United States,English,83.0,1490000.0,418000000.0,1937-12-21,7.6,95.0,,"['David Hand (supervising)', 'William Cottrell', 'Wilfred Jackson', 'Larry Morey', 'Perce Pearce', 'Ben Sharpsteen']",Walt Disney,"['Ted Sears', 'Richard Creedon', 'Otto Englander', 'Dick Rickard', 'Earl Hurd', 'Merrill De Maris', 'Dorothy Ann Blank', 'Webb Smith']","['Snow White', 'by The', 'Brothers Grimm']","['Adriana Caselotti', 'Lucille La Verne', 'Harry Stockwell', 'Roy Atwell', 'Pinto Colvig', 'Otis Harlan', 'Scotty Mattraw', 'Billy Gilbert', 'Eddie Collins', 'Moroni Olsen', 'Stuart Buchanan']","['Frank Churchill', 'Paul Smith', 'Leigh Harline']",RKO Radio Pictures,$1.49 million,$418 million,,,,,,,,,
1,Pinocchio,Walt Disney Productions,"['February 7, 1940 ( Center Theatre )', 'February 23, 1940 (United States)']",88 minutes,United States,English,88.0,2600000.0,164000000.0,1940-02-07,7.4,99.0,100%,"['Ben Sharpsteen', 'Hamilton Luske', 'Bill Roberts', 'Norman Ferguson', 'Jack Kinney', 'Wilfred Jackson', 'T. Hee']",Walt Disney,,"['The Adventures of Pinocchio', 'by', 'Carlo Collodi']","['Cliff Edwards', 'Dickie Jones', 'Christian Rub', 'Mel Blanc', 'Walter Catlett', 'Charles Judels', 'Evelyn Venable', 'Frankie Darro']","['Leigh Harline', 'Paul J. Smith']",RKO Radio Pictures,$2.6 million,$164 million,"['Ted Sears', 'Otto Englander', 'Webb Smith', 'William Cottrell', 'Joseph Sabo', 'Erdman Penner', 'Aurelius Battaglia']",,,,,,,,
2,Fantasia,Walt Disney Productions,"['November 13, 1940']",126 minutes,United States,English,126.0,2280000.0,83300000.0,1940-11-13,7.8,96.0,95%,"['Samuel Armstrong', 'James Algar', 'Bill Roberts', 'Paul Satterfield', 'Ben Sharpsteen', 'David D. Hand', 'Hamilton Luske', 'Jim Handley', 'Ford Beebe', 'T. Hee', 'Norman Ferguson', 'Wilfred Jackson']","['Walt Disney', 'Ben Sharpsteen']",,,"['Leopold Stokowski', 'Deems Taylor']",See program,"['Walt Disney Productions', 'RKO Radio Pictures']",$2.28 million,$76.4–$83.3 million,"['Joe Grant', 'Dick Huemer']",Deems Taylor,James Wong Howe,,,,,,
3,Dumbo,Walt Disney Productions,"['October 23, 1941 (New York City)', 'October 31, 1941 (U.S.)']",64 minutes,United States,English,64.0,950000.0,1300000.0,1941-10-23,7.2,96.0,98%,"['Supervising director:', 'Ben Sharpsteen', 'Sequence directors:', 'Norman Ferguson', 'Wilfred Jackson', 'Bill Roberts', 'Jack Kinney', 'Samuel Armstrong']",Walt Disney,,"['Dumbo, the Flying Elephant', 'by', 'Helen Aberson', 'Harold Pearl']","['Edward Brophy', 'Herman Bing', 'Margaret Wright', 'Sterling Holloway', 'Verna Felton', 'Cliff Edwards', 'James Baskett', 'Nick Stewart', 'Hall Johnson', 'Jim Carmichael']","['Frank Churchill', 'Oliver Wallace']",RKO Radio Pictures,"$950,000","$1.3 million (est. United States/Canada rentals, 1941)","['Otto Englander', 'Joe Grant', 'Dick Huemer']",John McLeish,,,,,,,
4,Bambi,Walt Disney Productions,"['August 9, 1942 (World Premiere-London)', 'August 13, 1942 (Premiere-New York City)', 'August 21, 1942 (U.S.)']",70 minutes,United States,English,70.0,858000.0,267400000.0,1942-08-09,7.3,91.0,90%,"['Supervising director', 'David Hand', 'Sequence directors', 'James Algar', 'Samuel Armstrong', 'Graham Heid', 'Bill Roberts', 'Paul Satterfield', 'Norman Wright']",Walt Disney,,"['Bambi, a Life in the Woods', 'by', 'Felix Salten']",see below,"['Frank Churchill', 'Edward H. Plumb']",RKO Radio Pictures,"$858,000",$267.4 million,"['Story direction', 'Perce Pearce', 'Story adaptation', 'Larry Morey', 'Story development', 'Vernon Stallings', 'Melvin Shaw', 'Carl Fallberg', 'Chuck Couch', 'Ralph Wright']",,,,,,,,
5,Saludos Amigos,Walt Disney Productions,"['August 24, 1942 (World Premiere-Rio de Janeiro)', 'February 6, 1943 (U.S. Premiere-Boston)', 'February 19, 1943 (U.S.)']",42 minutes,United States,"['English', 'Portuguese', 'Spanish']",42.0,,1135000.0,1942-08-24,6.1,60.0,83%,"['Norman Ferguson', 'Wilfred Jackson', 'Jack Kinney', 'Hamilton Luske', 'Bill Roberts']",Walt Disney,,,"['Lee Blair', 'Mary Blair', 'Pinto Colvig', 'Walt Disney', 'Norman Ferguson', 'Frank Graham', 'Clarence Nash', 'José Oliveira', 'Frank Thomas']","['Paul Smith', 'Edward H. Plumb']",RKO Radio Pictures,,"$1,135,000 (worldwide rentals)","['Homer Brightman', 'William Cottrell', 'Richard Huemer', 'Joe Grant', 'Harold Reeves', 'Ted Sears', 'Webb Smith', 'Roy Williams', 'Ralph Wright']",Fred Shields,,,,,,,
6,The Three Caballeros,Walt Disney Productions,"['December 21, 1944 (Mexico City)', 'February 3, 1945 (US)']",71 minutes,United States,"['English', 'Spanish', 'Portuguese']",71.0,,3355000.0,1944-12-21,6.4,85.0,82%,"['Norman Ferguson (supervising director)', 'Clyde Geronimi', 'Jack Kinney', 'Bill Roberts', 'Harold Young (sequence directors)']",Walt Disney,,,"['Clarence Nash', 'José Oliveira', 'Joaquin Garay']","['Edward H. Plumb', 'Paul J. Smith', 'Charles Wolcott']",RKO Radio Pictures,,"$3,355,000 (worldwide rentals)","['Homer Brightmen', 'Ernest Terrazas', 'Ted Sears', 'Bill Peet', 'Ralph Wright', 'Elmer Plummer', 'Roy Williams', 'William Cottrell', 'Del Connell', 'James Bodrero']",,,,,,,,
7,Make Mine Music,Walt Disney Productions,"['April 20, 1946 (Premiere-New York City)', 'August 15, 1946 (U.S.)']",75 minutes,United States,English,75.0,1350000.0,3275000.0,1946-04-20,6.3,60.0,70%,"['Jack Kinney', 'Clyde Geronimi', 'Hamilton Luske', 'Joshua Meador', 'Robert Cormack']",Walt Disney,"['James Bordrero', 'Homer Brightman', 'Erwin Graham', 'Eric Gurney', 'T. Hee', 'Sylvia Holland', 'Dick Huemer', 'Dick Kelsey', 'Dick Kinney', 'Jesse Marsh', 'Tom Oreb', 'Cap Palmer', 'Erdman Penner', 'Harry Reeves', 'Dick Shaw', 'John Walbridge', 'Roy Williams']","['""', 'Casey at the Bat', '""', 'by', 'Ernest Thayer', 'Peter and the Wolf', 'by', 'Sergei Prokofiev']","['Nelson Eddy', 'Dinah Shore', 'Benny Goodman', 'The Andrews Sisters', 'Jerry Colonna', 'Sterling Holloway', 'Andy Russell', 'David Lichine', 'Tania Riabouchinskaya', 'The Pied Pipers', ""The King's Men"", 'The Ken Darby Chorus']","['Eliot Daniel', 'Ken Darby', 'Charles Wolcott', 'Oliver Wallace', 'Edward Plumb']","RKO Radio Pictures, Inc.",$1.35 million,"$3,275,000 (worldwide rentals)",,,,,,,,,
8,Fun and Fancy Free,Walt Disney Productions,"['September 27, 1947']",73 minutes,United States,English,73.0,,3165000.0,1947-09-27,6.6,66.0,67%,"['Jack Kinney (animation)', 'Bill Roberts (animation)', 'Hamilton Luske (animation)', 'William Morgan']",Walt Disney,,"['Sinclair Lewis ( Bongo )', 'Jack and the Beanstalk ( Mickey and the Beanstalk )']","['Cliff Edwards', 'Edgar Bergen', 'Luana Patten', 'Walt Disney', 'Clarence Nash', 'Pinto Colvig', 'Billy Gilbert', 'Anita Gordon']","['Oliver Wallace', 'Paul Smith', 'Eliot Daniel', 'Charles Wolcott']",RKO Radio Pictures,,"$3,165,000 (worldwide rentals)","['Homer Brightman', 'Eldon Dedini', 'Lance Nolley', 'Tom Oreb', 'Harry Reeves', 'Ted Sears']","['Dinah Shore ( Bongo )', 'Edgar Bergen ( Mickey and the Beanstalk )']",,Jack Bachom,,,,,
9,Melody Time,Walt Disney Productions,"May 27, 1948",75 minutes,United States,English,75.0,1500000.0,2560000.0,1948-05-27,6.4,69.0,80%,"['Jack Kinney', 'Clyde Geronimi', 'Hamilton Luske', 'Wilfred Jackson']",Walt Disney,"['Winston Hibler', 'Harry Reeves', 'Ken Anderson', 'Erdman Penner', 'Homer Brightman', 'Ted Sears', 'Joe Rinaldi', 'Bill Cottrell', 'Jesse Marsh', 'Art Scott', 'Bob Moore', 'John Walbridge']",,"['Roy Rogers', 'Trigger', 'Dennis Day', 'The Andrews Sisters', 'Fred Waring and the Pennsylvanians', 'Freddy Martin', 'Ethel Smith', 'Frances Langford', 'Buddy Clark', 'Bob Nolan', 'Sons of the Pioneers', 'The Dinning Sisters', 'Bobby Driscoll', 'Luana Patten']","['Eliot Daniel', 'Paul J. Smith', 'Ken Darby']","RKO Radio Pictures, Inc.",$1.5 million,"$2,560,000 (worldwide rentals)",,,,"['Donald Halliday', 'Thomas Scott']",,,,,
10,The Adventures of Ichabod and Mr. Toad,Walt Disney Productions,"['October 5, 1949']",68 minutes,United States,English,68.0,,1625000.0,1949-10-05,7.0,74.0,94%,"['Jack Kinney', 'Clyde Geronimi', 'James Algar']",Walt Disney,,"['Kenneth Grahame ( The Wind in the Willows )', 'The Legend of Sleepy Hollow', 'Washington Irving ( The Legend of Sleepy Hollow )']","['Eric Blore', ""J. Pat O'Malley"", 'Colin Campbell', 'John McLeish', 'Campbell Grant', 'Claude Allister', 'Leslie Denison', 'Edmond Stevens', 'The Rhythmaires']",Oliver Wallace,RKO Radio Pictures,,"$1,625,000 (worldwide rentals)","['Erdman Penner', 'Winston Hibler', 'Joe Rinaldi', 'Ted Sears', 'Homer Brightman', 'Harry Reeves']","['Basil Rathbone ( The Wind in the Willows )', 'Bing Crosby ( The Legend of Sleepy Hollow )']",,John O. Young,,,,,
11,Cinderella,Walt Disney Productions,"['February 15, 1950 (Boston)', 'March 4, 1950 (United States)']",74 minutes,United States,English,74.0,2900000.0,263600000.00000003,1950-02-15,6.9,67.0,84%,"['Clyde Geronimi', 'Hamilton Luske', 'Wilfred Jackson']",Walt Disney,,"['Cinderella', 'by', 'Charles Perrault']","['Ilene Woods', 'Eleanor Audley', 'Verna Felton', 'Rhoda Williams', 'James MacDonald', 'Luis van Rooten', 'Don Barclay', 'Mike Douglas', 'William Phipps', 'Lucille Bliss']","['Oliver Wallace', 'Paul J. Smith']",RKO Radio Pictures,$2.9 million,$263.6 million,"['Ken Anderson', 'Perce Pearce', 'Homer Brightman', 'Winston Hibler', 'Bill Peet', 'Erdman Penner', 'Harry Reeves', 'Joe Rinaldi', 'Ted Sears', 'Maurice Rapf (uncredited)']",Betty Lou Gerson,,Donald Halliday,,,,,
12,Alice in Wonderland,Walt Disney Productions,"['July 26, 1951 (London, premiere)', 'July 28, 1951 (New York City, premiere)']",75 minutes,United States,English,75.0,3000000.0,5600000.0,1951-07-26,6.4,53.0,51%,"['Clyde Geronimi', 'Wilfred Jackson', 'Hamilton Luske']",Walt Disney,,"[""Alice's Adventures in Wonderland"", 'and', 'Through the Looking-Glass', 'by', 'Lewis Carroll']","['Kathryn Beaumont', 'Ed Wynn', 'Richard Haydn', 'Sterling Holloway', 'Jerry Colonna', 'Verna Felton', ""J. Pat O'Malley"", 'Bill Thompson', 'Joseph Kearns', 'Dink Trout', 'James MacDonald']",Oliver Wallace,RKO Radio Pictures,$3 million,"$5.6 million (US, 1951)","['Milt Banta', 'Del Connell', 'Bill Cottrell', 'Joe Grant', 'Winston Hibler', 'Dick Huemer', 'Dick Kelsey', 'Tom Oreb', 'Bill Peet', 'Erdman Penner', 'Joe Rinaldi', 'Ted Sears', 'John Walbridge']",,,Lloyd Richardson,,,,,
13,Peter Pan,Walt Disney Productions,"['February 5, 1953 (United States)']",77 minutes,United States,English,77.0,4000000.0,87400000.0,1953-02-05,7.3,76.0,81%,"['Clyde Geronimi', 'Wilfred Jackson', 'Hamilton Luske']",Walt Disney,,"['Peter and Wendy', 'by', 'J.M. Barrie']","['Bobby Driscoll', 'Kathryn Beaumont', 'Hans Conried', 'Paul Collins', 'Tommy Luske']",Oliver Wallace,RKO Radio Pictures,$4 million,$87.4 million,"['Milt Banta', 'Bill Cottrell', 'Winston Hibler', 'Bill Peet', 'Erdman Penner', 'Joe Rinaldi', 'Ted Sears', 'Ralph Wright']",Tom Conway,,,,,,,
14,Lady and the Tramp,Walt Disney Productions,"['June 22, 1955']",76 minutes,United States,English,76.0,4000000.0,187000000.0,1955-06-22,7.3,78.0,93%,"['Clyde Geronimi', 'Wilfred Jackson', 'Hamilton Luske']",Walt Disney,,"['""Happy Dan, The Cynical Dog""', 'by', 'Ward Greene']","['Barbara Luddy', 'Larry Roberts', 'Bill Thompson', 'Dallas McKennon', 'Bill Baucom', 'Verna Felton', 'Peggy Lee']",Oliver Wallace,Buena Vista Film Distribution,$4 million,$187 million,"['Erdman Penner', 'Joe Rinaldi', 'Ralph Wright', 'Don DaGradi']",,,Don Halliday,,,,,
15,Sleeping Beauty,Walt Disney Productions,"['January 29, 1959']",75 minutes,United States,English,75.0,6000000.0,51600000.0,1959-01-29,7.2,85.0,89%,"['Clyde Geronimi (supervising)', 'Eric Larson', 'Wolfgang Reitherman', 'Les Clark']",Walt Disney,Erdman Penner,"['Sleeping Beauty', 'by', 'Charles Perrault']","['Mary Costa', 'Bill Shirley', 'Eleanor Audley', 'Verna Felton', 'Barbara Luddy', 'Barbara Jo Allen', 'Taylor Holmes', 'Bill Thompson']",George Bruns (adapted from Tchaikovsky's Sleeping Beauty Ballet ),Buena Vista Distribution,$6 million,$51.6 million (United States/Canada),"['Milt Banta', 'Winston Hibler', 'Bill Peet', 'Joe Rinaldi', 'Ted Sears', 'Ralph Wright']",Marvin Miller,,"['Roy M. Brewer Jr.', 'Donald Halliday']",,,,,
16,One Hundred and One Dalmatians,Walt Disney Productions,"['January 25, 1961']",79 minutes,United States,English,79.0,3600000.0,303000000.0,1961-01-25,7.2,83.0,98%,"['Clyde Geronimi', 'Hamilton Luske', 'Wolfgang Reitherman']",Walt Disney,,"['The Hundred and One Dalmatians', 'by', 'Dodie Smith']","['Rod Taylor', 'Cate Bauer', 'Betty Lou Gerson', 'Ben Wright', 'Bill Lee (singing voice)', 'Lisa Davis', 'Martha Wentworth']",George Bruns,Buena Vista Pictures Distribution,$3.6 million,$303 million,Bill Peet,,,"['Roy M. Brewer, Jr.', 'Donald Halliday']",,,,,
17,The Sword in the Stone,Walt Disney Productions,"['December 25, 1963']",79 minutes,United States,English,79.0,3000000.0,22200000.0,1963-12-25,7.2,61.0,66%,Wolfgang Reitherman,Walt Disney,,"['The Sword in the Stone', 'by', 'T. H. White']","['Rickie Sorensen', 'Karl Swenson', 'Junius Matthews', 'Sebastian Cabot', 'Norman Alden', 'Martha Wentworth']",George Bruns,Buena Vista Distribution,$3 million,$22.2 million,Bill Peet,,,Donald Halliday,,,,,
18,The Jungle Book,Walt Disney Productions,"['October 18, 1967']",78 minutes,United States,English,78.0,4000000.0,378000000.0,1967-10-18,7.4,77.0,94%,Wolfgang Reitherman,Walt Disney,,"['The Jungle Book', 'by', 'Rudyard Kipling']","['Phil Harris', 'Sebastian Cabot', 'George Sanders', 'Sterling Holloway', 'John Abbott', 'Louis Prima', 'Bruce Reitherman']",George Bruns,Buena Vista Distribution,$4 million,$378 million,"['Larry Clemmons', 'Ralph Wright', 'Ken Anderson', 'Vance Gerry', 'Bill Peet']",Sebastian Cabot,,"['Tom Acosta', 'Norman Carlisle']",,,,,
19,The Aristocats,Walt Disney Productions,"['December 11, 1970 (premiere)', 'December 24, 1970 (United States)']",79 minutes,United States,English,79.0,4000000.0,191000000.0,1970-12-11,7.1,66.0,64%,Wolfgang Reitherman,"['Winston Hibler', 'Wolfgang Reitherman']",,"""The Aristocats"" by Tom McGowan and Tom Rowe","['Phil Harris', 'Eva Gabor', 'Hermione Baddeley', 'Gary Dubin', 'Dean Clark', 'Sterling Holloway', 'Roddy Maude-Roxby', 'Liz English']",George Bruns,Buena Vista Distribution,$4 million,$191 million,"['Ken Anderson', 'Larry Clemmons', 'Eric Cleworth', 'Vance Gerry', 'Julius Svendsen', 'Frank Thomas', 'Ralph Wright']",,,Tom Acosta,,,,,
20,Robin Hood,Walt Disney Productions,"['November 8, 1973']",83 minutes,United States,English,83.0,5000000.0,32000000.0,1973-11-08,6.6,53.0,43%,Wolfgang Reitherman,Wolfgang Reitherman,,The legend of Robin Hood,"['Peter Ustinov', 'Phil Harris', 'Brian Bedford', 'Terry-Thomas', 'Roger Miller', 'Pat Buttram', 'George Lindsey', 'Andy Devine']",George Bruns,Buena Vista Distribution,$5 million,$32 million,"['Larry Clemmons', 'Ken Anderson', 'Vance Gerry', 'Frank Thomas', 'Eric Cleworth', 'Julius Svendsen', 'David Michener']",,,"['Tom Acosta', 'Jim Melton']",,,,,
21,The Rescuers,Walt Disney Productions,"['June 22, 1977']",77 minutes,United States,English,77.0,7500000.0,169000000.0,1977-06-22,6.9,74.0,81%,"['Wolfgang Reitherman', 'John Lounsbery', 'Art Stevens']","['Wolfgang Reitherman', 'Ron W. Miller']",,"['The Rescuers', 'and', 'Miss Bianca', 'by', 'Margery Sharp']","['Bob Newhart', 'Eva Gabor', 'Michelle Stacy', 'Geraldine Page', 'Joe Flynn', 'Jim Jordan', 'John McIntire', 'Jeanette Nolan', 'Pat Buttram', 'Bernard Fox']",Artie Butler,Buena Vista Distribution,$7.5 million,$169 million,"['Larry Clemmons', 'Vance Gerry', 'Ken Anderson', 'Frank Thomas', 'Burny Mattinson', 'Fred Lucky', 'Dick Sebast', 'David Michener', 'Ted Berman']",,,"['Jim Koford', 'James Melton']",,,,,
22,The Fox and the Hound,Walt Disney Productions,"['July 10, 1981']",83 minutes,United States,English,83.0,12000000.0,63500000.0,1981-07-10,7.3,65.0,70%,"['Ted Berman', 'Richard Rich', 'Art Stevens']","['Ron Miller', 'Wolfgang Reitherman', 'Art Stevens']",,"['The Fox and the Hound', 'by', 'Daniel P. Mannix']","['Mickey Rooney', 'Kurt Russell', 'Pearl Bailey', 'Jack Albertson', 'Sandy Duncan', 'Jeanette Nolan', 'Pat Buttram', 'John Fiedler', 'John McIntire', 'Dick Bakalyan', 'Paul Winchell', 'Keith Mitchell', 'Corey Feldman']",Buddy Baker,Buena Vista Distribution,$12 million,$63.5 million,"['Larry Clemmons', 'Ted Berman', 'David Michener', 'Peter Young', 'Burny Mattinson', 'Steve Hulett', 'Earl Kress', 'Vance Gerry']",,,"['James Melton', 'Jim Koford']",,,,,
23,The Black Cauldron,"['Walt Disney Pictures', 'Walt Disney Productions', 'Silver Screen Partners II']","['July 26, 1985']",80 minutes,United States,English,80.0,25000000.0,21300000.0,1985-07-26,6.4,59.0,53%,"['Ted Berman', 'Richard Rich']","['Joe Hale', 'Ron Miller']",,"['The Book of Three and', 'The Black Cauldron by', 'Lloyd Alexander']","['Grant Bardsley', 'Susan Sheridan', 'Nigel Hawthorne', 'John Hurt']",Elmer Bernstein,Buena Vista Distribution,$25–44 million,$21.3 million (domestic),"['Ted Berman', 'Vance Gerry', 'Joe Hale', 'David Jonas', 'Roy Morita', 'Richard Rich', 'Art Stevens', 'Al Wilson', 'Peter Young']",John Huston,,"['James Melton', 'Jim Koford', 'Armetta Jackson', 'Jeffrey Katzenberg']",,,,,
24,The Great Mouse Detective,"['Walt Disney Pictures', 'Walt Disney Feature Animation', 'Silver Screen Partners II']","['July 2, 1986']",74 minutes,United States,English,74.0,14000000.0,38700000.0,1986-07-02,7.2,73.0,80%,"['Ron Clements', 'Burny Mattinson', 'Dave Michener', 'John Musker']",Burny Mattinson,,"['Basil of Baker Street', 'by', 'Eve Titus', 'and', 'Paul Galdone']","['Vincent Price', 'Barrie Ingham', 'Val Bettin', 'Susanne Pollatschek', 'Candy Candido', 'Diana Chesney', 'Eve Brenner', 'Alan Young']",Henry Mancini,Buena Vista Distribution,$14 million,$38.7 million,"['Pete Young', 'Vance Gerry', 'Steve Hulett', 'John Musker', 'Ron Clements', 'Bruce Morris', ""Matthew O'Callaghan"", 'Burny Mattinson', 'Dave Michener', 'Mel Shaw']",,,,,,,,
25,Oliver & Company,"['Walt Disney Pictures', 'Walt Disney Feature Animation', 'Silver Screen Partners III']","['November 18, 1988']",74 minutes,United States,English,74.0,31000000.0,121000000.0,1988-11-18,6.7,58.0,50%,George Scribner,,,"['Oliver Twist', 'by', 'Charles Dickens']","['Joey Lawrence', 'Billy Joel', 'Natalie Gregory', 'Cheech Marin', 'Bette Midler', 'Robert Loggia', 'Richard Mulligan', 'Roscoe Lee Browne', 'Sheryl Lee Ralph']",J. A. C. Redford,Buena Vista Pictures Distribution,$31 million,>$121 million,"['Vance Gerry', 'Mike Gabriel', 'Joe Ranft', 'Jim Mitchell', 'Chris Bailey', 'Kirk Wise', 'Dave Michener', 'Roger Allers', 'Gary Trousdale', 'Kevin Lima', 'Michael Cedeno', 'Pete Young', 'Leon Joosen']",,,,"['Jim Cox', 'Tim Disney', 'James Mangold']",,,,
26,The Little Mermaid,,"['November 17, 1989']",83 minutes,United States,English,83.0,40000000.0,,1989-11-17,7.6,88.0,93%,"['Ron Clements', 'John Musker']","['John Musker', 'Howard Ashman']","['Ron Clements', 'John Musker']","['The Little Mermaid', 'by', 'Hans Christian Andersen']","['René Auberjonois', 'Christopher Daniel Barnes', 'Jodi Benson', 'Pat Carroll', 'Paddi Edwards', 'Buddy Hackett', 'Jason Marin', 'Kenneth Mars', 'Edie McClurg', 'Will Ryan', 'Ben Wright', 'Samuel E. Wright']",Alan Menken,Buena Vista Pictures,$40 million,,,,,Mark Hester,,"['Walt Disney Pictures', 'Walt Disney Feature Animation', 'Silver Screen Partners IV']",,,
27,The Rescuers Down Under,"['Walt Disney Pictures', 'Walt Disney Feature Animation', 'Silver Screen Partners IV']","['November 16, 1990']",77 minutes,United States,English,77.0,,47400000.0,1990-11-16,6.9,70.0,69%,"['Hendel Butoy', 'Mike Gabriel']",Thomas Schumacher,,"['Characters created', 'by', 'Margery Sharp']","['Bob Newhart', 'Eva Gabor', 'John Candy', 'Adam Ryen', 'George C. Scott', 'Tristan Rogers']",Bruce Broughton,Buena Vista Pictures,,$47.4 million,,,,Michael Kelly,"['Jim Cox', 'Karey Kirkpatrick', 'Byron Simpson', 'Joe Ranft']",,,,
28,Beauty and the Beast,,"['September 29, 1991 ( NYFF )', 'November 22, 1991 (United States)']",84 minutes,United States,English,84.0,25000000.0,440100000.0,1991-09-29,8.0,95.0,94%,"['Gary Trousdale', 'Kirk Wise']",Don Hahn,,"['Beauty and the Beast', 'by', 'Jeanne-Marie Leprince de Beaumont']","[""Paige O'Hara"", 'Robby Benson', 'Richard White', 'Jerry Orbach', 'David Ogden Stiers', 'Angela Lansbury', 'Rex Everhart', 'Jesse Corti']",Alan Menken,Buena Vista Pictures,$25 million,$440.1 million,"['Roger Allers', 'Brenda Chapman', 'Chris Sanders', 'Burny Mattinson', 'Kevin Harkey', 'Brian Pimental', 'Bruce Woodside', 'Joe Ranft', 'Tom Ellery', 'Kelly Asbury', 'Robert Lence']",,,John Carnochan,Linda Woolverton,"['Walt Disney Pictures', 'Walt Disney Feature Animation', 'Silver Screen Partners IV']",,,
29,Aladdin,,"['November 25, 1992']",90 minutes,United States,English,90.0,28000000.0,504100000.0,1992-11-25,8.0,86.0,95%,"['John Musker', 'Ron Clements']","['John Musker', 'Ron Clements']",,Aladdin and the Magic Lamp from One Thousand and One Nights,"['Scott Weinger', 'Robin Williams', 'Linda Larkin', 'Jonathan Freeman', 'Frank Welker', 'Gilbert Gottfried', 'Douglas Seale']",Alan Menken,Buena Vista Pictures,$28 million,$504.1 million,"['Burny Mattinson', 'Roger Allers', 'Daan Jippes', 'Kevin Harkey', 'Sue Nichols', 'Francis Glebas', 'Darrell Rooney', 'Larry Leker', 'James Fujii', 'Kirk Hanson', 'Kevin Lima', 'Rebecca Rees', 'David S. Smith', 'Chris Sanders', 'Brian Pimental', 'Patrick A. Ventura']",,,"['Mark A. Hester', 'H. Lee Peterson']","['Ron Clements', 'John Musker', 'Ted Elliott', 'Terry Rossio']","['Walt Disney Pictures', 'Walt Disney Feature Animation']",,,
30,The Lion King,"['Walt Disney Pictures', 'Walt Disney Feature Animation']","['June 15, 1994', 'June 24, 1994']",88 minutes,United States,English,88.0,45000000.0,968500000.0,1994-06-15,8.5,88.0,93%,"['Roger Allers', 'Rob Minkoff']",Don Hahn,,"['Hamlet', 'by', 'William Shakespeare']","['Jonathan Taylor Thomas', 'Matthew Broderick', 'James Earl Jones', 'Jeremy Irons', 'Moira Kelly', 'Niketa Calame', 'Ernie Sabella', 'Nathan Lane', 'Robert Guillaume', 'Rowan Atkinson', 'Whoopi Goldberg', 'Cheech Marin', 'Jim Cummings', 'Madge Sinclair']",Hans Zimmer,Buena Vista Pictures,$45 million,$968.5 million,"['Brenda Chapman', 'Barry Johnson', 'Andy Gaskill', 'Kevin Harkey', 'Tom Sito', 'Rick Maki', 'Burny Mattinson', 'Lorna Cook', 'Gary Trousdale', 'Jorgen Klubien', 'Larry Leker', 'Ed Gombert', 'Mark Kausler', 'Thom Enriquez', 'Jim Capobianco', 'Chris Sanders', 'Joe Ranft', 'Francis Glebas']",,,Ivan Bilancio,"['Irene Mecchi', 'Jonathan Roberts', 'Linda Woolverton']",,,,
31,Pocahontas,"['Walt Disney Pictures', 'Walt Disney Feature Animation']","['June 23, 1995']",81 minutes,United States,English,81.0,55000000.0,346100000.0,1995-06-23,6.7,58.0,55%,"['Mike Gabriel', 'Eric Goldberg']",Jim Pentecost,,Pocahontas,"['Irene Bedard', 'Mel Gibson', 'David Ogden Stiers', 'Russell Means', 'Christian Bale', 'Linda Hunt', 'Billy Connolly']",Alan Menken,Buena Vista Pictures,$55 million,$346.1 million,"['Glen Keane', 'Joe Grant', 'Ralph Zondag', 'Burny Mattinson', 'Ed Gombert', 'Kaan Kalyon', 'Francis Glebas', 'Robert Gibbs', 'Bruce Morris', 'Todd Kurosawa', 'Duncan Marjoribanks', 'Chris Buck']",,,H. Lee Peterson,"['Carl Binder', 'Susannah Grant', 'Philip LaZebnik']",,,,
32,The Hunchback of Notre Dame,"['Walt Disney Pictures', 'Walt Disney Feature Animation']","['June 21, 1996']",91 minutes,United States,English,91.0,100000000.0,325300000.0,1996-06-21,6.9,74.0,71%,"['Gary Trousdale', 'Kirk Wise']",Don Hahn,,"['The Hunchback of Notre-Dame', 'by', 'Victor Hugo']","['Tom Hulce', 'Demi Moore', 'Tony Jay', 'Kevin Kline', 'Paul Kandel', 'Jason Alexander', 'Charles Kimbrough', 'Mary Wickes', 'David Ogden Stiers']",Alan Menken,Buena Vista Pictures,$100 million,$325.3 million,Tab Murphy,,,Ellen Keneshea,"['Tab Murphy', 'Irene Mecchi', 'Bob Tzudiker', 'Noni White', 'Jonathan Roberts']",,,,
33,Hercules,,"['June 13, 1997 (limited release)', 'June 27, 1997 (wide release)']",93 minutes,United States,English,93.0,85000000.0,252700000.0,1997-06-13,7.3,74.0,84%,"['Ron Clements', 'John Musker']","['Alice Dewey', 'Ron Clements', 'John Musker']",,Heracles,"['Tate Donovan', 'Danny DeVito', 'James Woods', 'Susan Egan', 'Rip Torn']",Alan Menken,Buena Vista Pictures Distribution,$85 million,$252.7 million,"['Kaan Kalyon', 'Kelly Wightman', 'Randy Cartwright', 'John Ramirez', 'Jeff Snow', 'Vance Gerry', 'Kirk Hanson', 'Francis Glebas', 'Mark Kennedy', 'Bruce M. Morris', 'Don Dougherty', 'Thom Enriquez']",,,Tom Finan,"['Ron Clements', 'John Musker', 'Donald McEnery', 'Bob Shaw', 'Irene Mecchi']","['Walt Disney Pictures', 'Walt Disney Feature Animation']",,,
34,Mulan,"['Walt Disney Pictures', 'Walt Disney Feature Animation']","['June 19, 1998']",87 minutes,United States,English,87.0,90000000.0,304300000.0,1998-06-19,7.6,71.0,86%,"['Barry Cook', 'Tony Bancroft']",Pam Coats,,Ballad of Mulan by Guo Maoqian,"['Ming-Na Wen', 'Eddie Murphy', 'BD Wong', 'Miguel Ferrer', 'June Foray', 'James Hong', 'Pat Morita', 'George Takei']",Jerry Goldsmith,Buena Vista Pictures,$90 million,$304.3 million,Robert D. San Souci,,,Michael Kelly,"['Rita Hsiao', 'Philip LaZebnik', 'Chris Sanders', 'Eugenia Bostwick-Singer', 'Raymond Singer']",,,,
35,Tarzan,,"['June 12, 1999 ( El Capitan Theatre )', 'June 16, 1999 (United States )']",88 minutes,United States,English,88.0,130000000.0,448200000.0,1999-06-12,7.3,79.0,89%,"['Kevin Lima', 'Chris Buck']",Bonnie Arnold,,"['Tarzan of the Apes', 'by', 'Edgar Rice Burroughs']","['Tony Goldwyn', 'Minnie Driver', 'Glenn Close', 'Alex D. Linz', ""Rosie O'Donnell"", 'Brian Blessed', 'Nigel Hawthorne', 'Lance Henriksen', 'Wayne Knight', 'Taylor Dempsey']",Mark Mancina,Buena Vista Pictures,$130 million,$448.2 million,"['Stephen Anderson', 'Mark D. Kennedy', 'Carole Holliday', 'Gaëtan Brizzi', 'Paul Brizzi', 'Don Dougherty', 'Ed Gombert', 'Randy Haycock', 'Don Hall', 'Kevin L. Harkey', 'Glen Keane', 'Burny Mattinson', 'Frank Nissen', 'John Norton', 'Jeff Snow', 'Michael Surrey', 'Christopher J. Ure', 'Mark Walton', 'Stevie Wermers', 'Kelly Wightman', 'John Ramirez']",,,Gregory Perler,"['Tab Murphy', 'Bob Tzudiker', 'Noni White']","['Walt Disney Pictures', 'Walt Disney Feature Animation']",,,
36,Fantasia 2000,"['Walt Disney Pictures', 'Walt Disney Feature Animation']","['December 17, 1999 ( Carnegie Hall )', 'January 1, 2000 ( IMAX )', 'June 16, 2000 (United States)']",74 minutes,United States,English,74.0,85000000.0,90900000.0,1999-12-17,7.2,59.0,81%,"['Don Hahn', 'Pixote Hunt', 'Hendel Butoy', 'Eric Goldberg', 'James Algar', 'Francis Glebas', 'Paul and Gaëtan Brizzi']","['Roy E. Disney', 'Donald W. Ernst']",See credits,,"['James Levine', 'Steve Martin', 'Itzhak Perlman', 'Quincy Jones', 'Bette Midler', 'James Earl Jones', 'Penn & Teller', 'Angela Lansbury']",See program,Buena Vista Pictures,$80–$85 million,$90.9 million,,,Tim Suhrstedt,"['Jessica Ambinder-Rojas', 'Lois Freeman-Fox']",,,,,
37,Dinosaur,"['Walt Disney Pictures', 'Walt Disney Feature Animation', 'The Secret Lab']","['May 19, 2000 (United States)']",82 minutes,United States,English,82.0,127500000.0,349800000.0,2000-05-19,6.5,56.0,64%,"['Ralph Zondag', 'Eric Leighton']",Pam Marsden,,,"['D. B. Sweeney', 'Alfre Woodard', 'Ossie Davis', 'Max Casella', 'Hayden Panettiere', 'Samuel E. Wright', 'Julianna Margulies', 'Peter Siragusa', 'Joan Plowright', 'Della Reese']",James Newton Howard,Buena Vista Pictures,$127.5 million,$349.8 million,"['John Harrison', 'Robert Nelson Jacobs', 'Thom Enriquez', 'Ralph Zondag']",,"['David Hardberger', 'S. Douglas Smith']",H. Lee Peterson,"['John Harrison', 'Robert Nelson Jacobs']",,,,
38,The Emperor's New Groove,"['Walt Disney Pictures', 'Walt Disney Feature Animation']","['December 15, 2000']",78 minutes,United States,English,78.0,100000000.0,169300000.0,2000-12-15,7.3,70.0,85%,Mark Dindal,Randy Fullmer,,"['Kingdom of the Sun', 'by', 'Roger Allers', 'Matthew Jacobs']","['David Spade', 'John Goodman', 'Eartha Kitt', 'Patrick Warburton', 'Wendie Malick']",John Debney,Buena Vista Pictures,$100 million,$169.3 million,"['Chris Williams', 'Mark Dindal']",,,Pamela Ziegenhagen-Shefland,David Reynolds,,,,
39,Atlantis: The Lost Empire,"['Walt Disney Pictures', 'Walt Disney Feature Animation']","['June 3, 2001 (Premiere)', 'June 15, 2001 (United States)']",96 minutes,United States,English,96.0,90000000.0,186100000.0,2001-06-03,6.9,52.0,49%,"['Gary Trousdale', 'Kirk Wise']",Don Hahn,,,"['Michael J. Fox', 'James Garner', 'Cree Summer', 'Don Novello', 'Phil Morris', 'Claudia Christian', 'Jacqueline Obradors', 'Florence Stanley', 'David Ogden Stiers', 'John Mahoney', 'Jim Varney', 'Corey Burton', 'Leonard Nimoy']",James Newton Howard,Buena Vista Pictures,$90–120 million,$186.1 million,"['Kirk Wise', 'Gary Trousdale', 'Joss Whedon', 'Bryce Zabel', 'Jackie Zabel', 'Tab Murphy']",,,Ellen Keneshea,Tab Murphy,,,,
40,Lilo & Stitch,"['Walt Disney Pictures', 'Walt Disney Feature Animation']","['June 21, 2002']",85 minutes,United States,English,85.0,80000000.0,273100000.0,2002-06-21,7.2,73.0,86%,"['Chris Sanders', 'Dean DeBlois']",Clark Spencer,,,"['Chris Sanders', 'Daveigh Chase', 'Tia Carrere', 'Ving Rhames', 'David Ogden Stiers', 'Kevin McDonald', 'Jason Scott Lee', 'Zoe Caldwell', 'Kevin Michael Richardson']",Alan Silvestri,Buena Vista Pictures,$80 million,$273.1 million,Chris Sanders,,,Darren T. Holmes,"['Chris Sanders', 'Dean DeBlois']",,,,
41,Treasure Planet,"['Walt Disney Pictures', 'Walt Disney Feature Animation']","['November 27, 2002']",95 minutes,United States,English,95.0,140000000.0,109600000.0,2002-11-27,7.2,60.0,69%,"['Ron Clements', 'John Musker']","['Ron Clements', 'John Musker', 'Roy Conli']",,"['Treasure Island', 'by', 'Robert Louis Stevenson']","['Joseph Gordon-Levitt', 'Brian Murray', 'Emma Thompson', 'David Hyde Pierce', 'Martin Short', 'Michael Wincott', 'Laurie Metcalf', 'Roscoe Lee Browne']",James Newton Howard,Buena Vista Pictures,$140 million,$109.6 million,"['Ron Clements', 'John Musker', 'Ted Elliott', 'Terry Rossio']",,,Michael Kelly,"['Ron Clements', 'John Musker', 'Rob Edwards']",,,,
42,Brother Bear,"['Walt Disney Pictures', 'Walt Disney Feature Animation']","['November 1, 2003']",85 minutes,United States,English,85.0,46000000.0,250400000.0,2003-11-01,6.8,48.0,37%,"['Aaron Blaise', 'Robert Walker']",Chuck Williams,,,"['Joaquin Phoenix', 'Jeremy Suarez', 'Rick Moranis', 'Dave Thomas', 'Jason Raize', 'D.B. Sweeney']","['Phil Collins', 'Mark Mancina']",Buena Vista Pictures,$46 million,$250.4 million,"['Stevie Wermers-Skelton', 'Kevin Deters', 'Woody Woodman', 'Thom Enriquez', 'Kevin Harkey', 'Broose Johnson', 'John Norton', 'John Puglisi']",Harold Gould,,Tim Mertens,"['Tab Murphy', 'Lorne Cameron', 'David Hoselton', 'Steve Bencich', 'Ron J. Friedman']",,,,
43,Home on the Range,"['Walt Disney Pictures', 'Walt Disney Feature Animation']","['April 2, 2004']",76 minutes,United States,English,76.0,110000000.0,145500000.0,2004-04-02,5.3,50.0,53%,"['Will Finn', 'John Sanford']",Alice Dewey Goldstone,"['Will Finn', 'John Sanford']",,"['Roseanne Barr', 'Judi Dench', 'Jennifer Tilly', 'Cuba Gooding Jr.', 'Randy Quaid', 'Steve Buscemi']",Alan Menken,Buena Vista Pictures,$110 million,$145.5 million,"['Will Finn', 'John Sanford', 'Michael LaBash', 'Sam Levine', 'Mark Kennedy', 'Robert Lence']",,,H. Lee Peterson,,,,,
44,Chicken Little,"['Walt Disney Pictures', 'Walt Disney Feature Animation']","['October 30, 2005 ( El Capitan Theatre )', 'November 4, 2005 (United States)']",81 minutes,United States,English,81.0,150000000.0,314400000.0,2005-10-30,5.7,48.0,37%,Mark Dindal,Randy Fullmer,,Chicken Little,"['Zach Braff', 'Joan Cusack', 'Dan Molina', 'Steve Zahn', 'Garry Marshall', 'Amy Sedaris', 'Mark Walton', 'Don Knotts']",John Debney,Buena Vista Pictures,$150 million,$314.4 million,"['Mark Dindal', 'Mark Kennedy']",,,Dan Molina,"['Steve Bencich', 'Ron J. Friedman', 'Ron Anderson']",,,,
45,Meet the Robinsons,"['Walt Disney Pictures', 'Walt Disney Animation Studios']","['March 23, 2007 (US)', 'March 30, 2007 (UK)']",94 minutes,United States,English,94.0,,169300000.0,2007-03-23,6.8,61.0,67%,Stephen Anderson,['Dorothy McKim'],,"['A Day with Wilbur Robinson', 'by', 'William Joyce']","['Jordan Fry', 'Wesley Singerman', 'Harland Williams', 'Tom Kenny', 'Steve Anderson', 'Angela Bassett', 'Laurie Metcalf', 'Adam West', 'Tom Selleck', 'Nicole Sullivan']",Danny Elfman,Buena Vista Pictures Distribution,,$169.3 million,,,,Ellen Keneshea,"['Jon A. Bernstein', 'Michelle Spritz', 'Don Hall', 'Nathan Greno', 'Aurion Redson', 'Joe Mateo', 'Stephen Anderson']",,,,
46,Bolt,"['Walt Disney Pictures', 'Walt Disney Animation Studios']","['November 21, 2008']",96 minutes,United States,English,96.0,150000000.0,310000000.0,2008-11-21,6.8,67.0,89%,"['Chris Williams', 'Byron Howard']",Clark Spencer,,,"['John Travolta', 'Miley Cyrus']",John Powell,"['Walt Disney Studios', 'Motion Pictures']",$150 million,$310 million,,,,Tim Mertens,"['Dan Fogelman', 'Chris Williams']",,,,
47,The Princess and the Frog,"['Walt Disney Pictures', 'Walt Disney Animation Studios']","['November 25, 2009 (Los Angeles premiere)', 'December 11, 2009 (United States)']",97 minutes,United States,English,97.0,105000000.0,269000000.0,2009-11-25,7.1,73.0,85%,"['Ron Clements', 'John Musker']",Peter Del Vecho,,"['The Frog Prince by Brothers Grimm', 'The Frog Princess by E. D. Baker']","['Anika Noni Rose', 'Bruno Campos', 'Keith David', 'Michael-Leon Wooley', 'Jim Cummings', 'Jennifer Cody', 'Peter Bartlett', 'Jenifer Lewis', 'Oprah Winfrey', 'Terrence Howard', 'John Goodman']",Randy Newman,"['Walt Disney Studios', 'Motion Pictures']",$105 million,$269 million,"['Ron Clements', 'John Musker', 'Greg Erb', 'Jason Oremland']",,,Jeff Draheim,"['Ron Clements', 'John Musker', 'Rob Edwards']",,,,
48,Tangled,"['Walt Disney Pictures', 'Walt Disney Animation Studios']","['November 14, 2010 ( El Capitan Theatre )', 'November 24, 2010 (United States)']",100 minutes,United States,English,100.0,260000000.0,592400000.0,2010-11-14,7.7,71.0,89%,"['Nathan Greno', 'Byron Howard']",Roy Conli,,"['Rapunzel', 'by the', 'Brothers Grimm']","['Mandy Moore', 'Zachary Levi', 'Donna Murphy']",Alan Menken,Walt Disney Studios Motion Pictures,$260 million,$592.4 million,,,,Tim Mertens,Dan Fogelman,,,,
49,Winnie the Pooh,,"['April 6, 2011 (Belgium)', 'July 15, 2011 (United States)']",69 minutes,United States,English,69.0,30000000.0,50100000.0,2011-04-06,7.2,74.0,91%,"['Stephen J. Anderson', 'Don Hall']","['Peter Del Vecho', 'Clark Spencer']",,['A. A. Milne'],"['Jim Cummings', 'Jack Boulter', 'Travis Oates', 'Bud Luckey', 'Tom Kenny', 'Craig Ferguson', 'Kristen Anderson-Lopez', 'Wyatt Hall', 'Huell Howser']",Henry Jackman,"['Walt Disney Studios', 'Motion Pictures']",$30 million,$50.1 million,"['Burny Mattinson', 'Stephen J. Anderson', 'Clio Chiang', 'Don Dougherty', 'Don Hall', 'Kendelle Hoyer', 'Brian Kesinger', 'Nicole Mitchell', 'Jeremy Spears']",,"['Julio Macat', '(live-action scenes)']",Lisa Linder-Silver,,"['Walt Disney Pictures', 'Walt Disney Animation Studios']",,,
50,Wreck-It Ralph,"['Walt Disney Pictures', 'Walt Disney Animation Studios']","['October 29, 2012 ( El Capitan Theatre )', 'November 2, 2012 (United States)']",101 minutes,United States,English,101.0,165000000.0,471200000.0,2012-10-29,7.7,72.0,87%,Rich Moore,Clark Spencer,,,"['John C. Reilly', 'Sarah Silverman', 'Jack McBrayer', 'Jane Lynch']",Henry Jackman,Walt Disney Studios Motion Pictures,$165 million,$471.2 million,"['Rich Moore', 'Phil Johnston', 'Jim Reardon']",,Rob Dressel,Tim Mertens,"['Phil Johnston', 'Jennifer Lee']",,,,
51,Frozen,"['Walt Disney Pictures', 'Walt Disney Animation Studios']","['November 19, 2013 ( El Capitan Theatre )', 'November 22, 2013 (United States)']",102 minutes,United States,English,102.0,150000000.0,1280000000.0,2013-11-19,7.4,75.0,90%,"['Chris Buck', 'Jennifer Lee']",Peter Del Vecho,,,"['Kristen Bell', 'Idina Menzel', 'Jonathan Groff', 'Josh Gad', 'Santino Fontana']","['Christophe Beck', 'Robert Lopez', 'Kristen Anderson-Lopez']","['Walt Disney Studios', 'Motion Pictures']",$150 million,$1.280 billion,"['Chris Buck', 'Jennifer Lee', 'Shane Morris']",,"['Scott Beattie', '(layout)', 'Mohit Kallianpur', '(lighting)']",Jeff Draheim,Jennifer Lee,,,,
52,Big Hero 6,"['Walt Disney Pictures', 'Walt Disney Animation Studios']","['October 23, 2014 ( Tokyo International Film Festival )', 'November 7, 2014 (United States)']",102 minutes,United States,English,102.0,165000000.0,657800000.0,2014-10-23,7.8,74.0,89%,"['Don Hall', 'Chris Williams']",Roy Conli,,['Man of Action'],"['Scott Adsit', 'Ryan Potter', 'Daniel Henney', 'T.J. Miller', 'Jamie Chung', 'Damon Wayans Jr.', 'Genesis Rodriguez', 'James Cromwell', 'Maya Rudolph', 'Alan Tudyk']",Henry Jackman,"['Walt Disney Studios', 'Motion Pictures']",$165 million,$657.8 million,,,"['Rob Dressel (layout)', 'Adolph Lusinsky (lighting)']",Tim Mertens,"['Jordan Roberts', 'Robert L. Baird', 'Dan Gerson']",,,,
53,Zootopia,"['Walt Disney Pictures', 'Walt Disney Animation Studios']","['February 13, 2016 (Belgium)', 'March 4, 2016 (United States)']",108 minutes,United States,English,108.0,150000000.0,1024000000.0,2016-02-13,8.0,78.0,98%,"['Byron Howard', 'Rich Moore']",Clark Spencer,,,"['Ginnifer Goodwin', 'Jason Bateman', 'Idris Elba', 'Jenny Slate', 'Nate Torrence', 'Bonnie Hunt', 'Don Lake', 'Tommy Chong', 'J. K. Simmons', 'Octavia Spencer', 'Alan Tudyk', 'Shakira']",Michael Giacchino,"['Walt Disney Studios', 'Motion Pictures']",$150 million,$1.024 billion,"['Byron Howard', 'Rich Moore', 'Jared Bush', 'Jim Reardon', 'Josie Trinidad', 'Phil Johnston', 'Jennifer Lee']",,"['Nathan Warner (layout)', 'Brian Leach (lighting)']","['Fabienne Rawley', 'Jeremy Milton']","['Jared Bush', 'Phil Johnston']",,,,
54,Moana,,"['November 14, 2016 ( AFI Fest )', 'November 23, 2016 (United States)']",107 minutes,['United States'],English,107.0,150000000.0,690800000.0,2016-11-14,7.6,81.0,95%,"['Ron Clements', 'John Musker']",Osnat Shurer,,,"['Auliʻi Cravalho', 'Dwayne Johnson', 'Rachel House', 'Temuera Morrison', 'Jemaine Clement', 'Nicole Scherzinger', 'Alan Tudyk']","['Mark Mancina', 'Lin-Manuel Miranda', ""Opetaia Foa'i""]","['Walt Disney Studios', 'Motion Pictures']",$150–175 million,$690.8 million,"['Chris Williams', 'Don Hall', 'Pamela Ribon', 'Aaron Kandell', 'Jordan Kandell', 'Ron Clements', 'John Musker']",,"['Rob Dressel (layout)', 'Adolph Lusinsky (lighting)']",Jeff Draheim,Jared Bush,"['Walt Disney Pictures', 'Walt Disney Animation Studios']",,,
55,Ralph Breaks the Internet,,"['November 5, 2018 ( El Capitan Theatre )', 'November 21, 2018 (United States)']",112 minutes,United States,English,112.0,175000000.0,529300000.0,2018-11-05,7.1,71.0,88%,"['Rich Moore', 'Phil Johnston']",Clark Spencer,,,"['John C. Reilly', 'Sarah Silverman', 'Gal Gadot', 'Taraji P. Henson', 'Jack McBrayer', 'Jane Lynch', 'Alan Tudyk', 'Alfred Molina', ""Ed O'Neill""]",Henry Jackman,Walt Disney Studios Motion Pictures,$175 million,$529.3 million,"['Rich Moore', 'Phil Johnston', 'Jim Reardon', 'Pamela Ribon', 'Josie Trinidad']",,"['Nathan Detroit Warner (layout)', 'Brian Leach (lighting)']",Jeremy Milton,"['Phil Johnston', 'Pamela Ribon']","['Walt Disney Pictures', 'Walt Disney Animation Studios']",,,
56,Frozen II,"['Walt Disney Pictures', 'Walt Disney Animation Studios']","['November 7, 2019 ( Dolby Theatre )', 'November 22, 2019 (United States)']",103 minutes,United States,English,103.0,150000000.0,1450000000.0,2019-11-07,6.9,64.0,77%,"['Chris Buck', 'Jennifer Lee']",Peter Del Vecho,,,"['Kristen Bell', 'Idina Menzel', 'Josh Gad', 'Jonathan Groff']","['Christophe Beck', 'Robert Lopez', 'Kristen Anderson-Lopez']","['Walt Disney Studios', 'Motion Pictures']",$150 million,$1.450 billion,"['Chris Buck', 'Jennifer Lee', 'Marc E. Smith', 'Kristen Anderson-Lopez', 'Robert Lopez']",,"['Tracy Scott Beattie (layout)', 'Mohit Kallianpur (lighting)']",Jeff Draheim,['Jennifer Lee'],,,,
57,Raya and the Last Dragon,"['Walt Disney Pictures', 'Walt Disney Animation Studios']","['March 12, 2021']",,United States,English,,,,2021-03-12,,,,"['Don Hall', 'Carlos López Estrada']","['Osnat Shurer', 'Peter Del Vecho']","['Qui Nguyen', 'Adele Lim']",,"['Kelly Marie Tran', 'Awkwafina']",,"['Walt Disney Studios', 'Motion Pictures']",,,,,,,,,,,
