,movie,country,date,studio
0,Snow White and the Seven Dwarfs,Estados Unidos,1937-12-21,disney
1,Snow White and the Seven Dwarfs,Estados Unidos,1938-01-01,disney
2,Snow White and the Seven Dwarfs,Estados Unidos,1938-01-13,disney
3,Snow White and the Seven Dwarfs,Estados Unidos,1938-01-13,disney
4,Snow White and the Seven Dwarfs,Argentina,1938-01-22,disney
5,Snow White and the Seven Dwarfs,Estados Unidos,1938-01-31,disney
6,Snow White and the Seven Dwarfs,Estados Unidos,1938-02-04,disney
7,Snow White and the Seven Dwarfs,Reino Unido,1938-02-24,disney
8,Snow White and the Seven Dwarfs,Reino Unido,1938-03-12,disney
9,Snow White and the Seven Dwarfs,Canadá,1938-03-25,disney
10,Snow White and the Seven Dwarfs,Bélgica,1938-03-26,disney
11,Snow White and the Seven Dwarfs,Filipinas,1938-05-01,disney
12,Snow White and the Seven Dwarfs,Francia,1938-05-06,disney
13,Snow White and the Seven Dwarfs,Bélgica,1938-05-20,disney
14,Snow White and the Seven Dwarfs,Argentina,1938-05-23,disney
15,Snow White and the Seven Dwarfs,Australia,1938-06-02,disney
16,Snow White and the Seven Dwarfs,China,1938-06-02,disney
17,Snow White and the Seven Dwarfs,Uruguay,1938-06-28,disney
18,Snow White and the Seven Dwarfs,Irlanda,1938-07-08,disney
19,Snow White and the Seven Dwarfs,México,1938-07-21,disney
20,Pinocchio,Estados Unidos,1940-02-07,disney
21,Pinocchio,Estados Unidos,1940-02-09,disney
22,Pinocchio,Estados Unidos,1940-02-10,disney
23,Pinocchio,Estados Unidos,1940-02-14,disney
24,Pinocchio,Estados Unidos,1940-02-16,disney
25,Pinocchio,Estados Unidos,1940-02-23,disney
26,Pinocchio,Reino Unido,1940-03-18,disney
27,Pinocchio,Reino Unido,1940-05-13,disney
28,Pinocchio,Australia,1940-05-16,disney
29,Pinocchio,Canadá,1940-06-22,disney
30,Pinocchio,India,1940-07-10,disney
31,Pinocchio,Nueva Zelanda,1940-07-14,disney
32,Pinocchio,Argentina,1940-07-17,disney
33,Pinocchio,México,1940-07-19,disney
34,Pinocchio,Brasil,1940-09-02,disney
35,Pinocchio,Irlanda,1940-09-06,disney
36,Pinocchio,Portugal,1940-10-07,disney
37,Pinocchio,Uruguay,1940-10-10,disney
38,Pinocchio,Suecia,1941-02-03,disney
39,Pinocchio,Palestina,1941-03-22,disney
40,Fantasia,Estados Unidos,1940-11-13,disney
41,Fantasia,Brasil,1940-12-09,disney
42,Fantasia,Argentina,1940-12-25,disney
43,Fantasia,Argentina,1940-12-26,disney
44,Fantasia,Estados Unidos,1941-01-29,disney
45,Fantasia,Estados Unidos,1941-02-13,disney
46,Fantasia,Estados Unidos,1941-02-19,disney
47,Fantasia,Estados Unidos,1941-03-05,disney
48,Fantasia,Canadá,1941-06-19,disney
49,Fantasia,Reino Unido,1941-07-21,disney
50,Fantasia,Australia,1941-08-15,disney
51,Fantasia,Argentina,1941-08-19,disney
52,Fantasia,Australia,1941-08-21,disney
53,Fantasia,Brasil,1941-08-23,disney
54,Fantasia,Uruguay,1941-09-11,disney
55,Fantasia,Estados Unidos,1941-09-19,disney
56,Fantasia,Suiza,1941-09-22,disney
57,Fantasia,Costa Rica,1941-11-16,disney
58,Fantasia,México,1941-12-25,disney
59,Fantasia,Estados Unidos,1942-01-06,disney
60,Dumbo,Estados Unidos,1941-10-23,disney
61,Dumbo,Estados Unidos,1941-10-31,disney
62,Dumbo,India,1941-11-03,disney
63,Dumbo,Benín,1941-11-07,disney
64,Dumbo,Reino Unido,1941-12-21,disney
65,Dumbo,Argentina,1941-12-24,disney
66,Dumbo,Nicaragua,1941-12-24,disney
67,Dumbo,Reino Unido,1942-01-02,disney
68,Dumbo,Canadá,1942-03-31,disney
69,Dumbo,Australia,1942-04-14,disney
70,Dumbo,Chile,1942-05-23,disney
71,Dumbo,Irlanda,1942-06-05,disney
72,Dumbo,México,1942-07-09,disney
73,Dumbo,Brasil,1942-07-10,disney
74,Dumbo,Argentina,1942-08-10,disney
75,Dumbo,Uruguay,1942-09-02,disney
76,Dumbo,Portugal,1942-11-30,disney
77,Dumbo,Palestina,1943-04-10,disney
78,Dumbo,Nueva Zelanda,1943-07-10,disney
79,Dumbo,Venezuela,1944-04-03,disney
80,Bambi,Reino Unido,1942-08-09,disney
81,Bambi,Estados Unidos,1942-08-13,disney
82,Bambi,Estados Unidos,1942-08-14,disney
83,Bambi,Estados Unidos,1942-08-21,disney
84,Bambi,Estados Unidos,1942-10-29,disney
85,Bambi,Reino Unido,1943-01-01,disney
86,Bambi,México,1943-02-04,disney
87,Bambi,Irlanda,1943-02-19,disney
88,Bambi,Argentina,1943-03-02,disney
89,Bambi,Brasil,1943-03-10,disney
90,Bambi,Trinidad y Tobago,1943-06-04,disney
91,Bambi,Nueva Zelanda,1943-07-10,disney
92,Bambi,Uruguay,1943-07-14,disney
93,Bambi,Suecia,1943-10-04,disney
94,Bambi,Australia,1943-12-11,disney
95,Bambi,Venezuela,1944-01-16,disney
96,Bambi,Portugal,1944-01-17,disney
97,Bambi,Suiza,1944-03-17,disney
98,Bambi,Luxemburgo,1944-03-17,disney
99,Bambi,Palestina,1944-05-28,disney
100,Saludos Amigos,Brasil,1942-08-24,disney
101,Saludos Amigos,Argentina,1942-08-26,disney
102,Saludos Amigos,Chile,1942-09-14,disney
103,Saludos Amigos,Nueva Zelanda,1942-12-25,disney
104,Saludos Amigos,Estados Unidos,1943-02-06,disney
105,Saludos Amigos,Estados Unidos,1943-02-19,disney
106,Saludos Amigos,México,1943-04-26,disney
107,Saludos Amigos,Uruguay,1943-05-05,disney
108,Saludos Amigos,Colombia,1943-06-13,disney
109,Saludos Amigos,Grecia,1943-06-13,disney
110,Saludos Amigos,Venezuela,1943-08-17,disney
111,Saludos Amigos,Reino Unido,1943-12-06,disney
112,Saludos Amigos,Australia,1944-02-10,disney
113,Saludos Amigos,Portugal,1944-04-08,disney
114,Saludos Amigos,Irlanda,1944-05-19,disney
115,Saludos Amigos,España,1944-08-21,disney
116,Saludos Amigos,Palestina,1944-09-17,disney
117,Saludos Amigos,España,1944-12-28,disney
118,Saludos Amigos,Bélgica,1945-12-07,disney
119,Saludos Amigos,Suecia,1946-03-18,disney
120,The Three Caballeros,México,1944-12-21,disney
121,The Three Caballeros,Estados Unidos,1945-02-03,disney
122,The Three Caballeros,Estados Unidos,1945-02-22,disney
123,The Three Caballeros,Brasil,1945-04-18,disney
124,The Three Caballeros,Reino Unido,1945-05-14,disney
125,The Three Caballeros,Uruguay,1945-05-16,disney
126,The Three Caballeros,Brasil,1945-07-06,disney
127,The Three Caballeros,Argentina,1945-07-12,disney
128,The Three Caballeros,Reino Unido,1945-09-24,disney
129,The Three Caballeros,Australia,1945-12-07,disney
130,The Three Caballeros,Portugal,1945-12-24,disney
131,The Three Caballeros,Irlanda,1945-12-28,disney
132,The Three Caballeros,Canadá,1946-01-17,disney
133,The Three Caballeros,Palestina,1946-02-16,disney
134,The Three Caballeros,Nueva Zelanda,1946-11-16,disney
135,The Three Caballeros,España,1947-02-07,disney
136,The Three Caballeros,España,1947-02-17,disney
137,The Three Caballeros,Suecia,1947-03-28,disney
138,The Three Caballeros,Sudáfrica,1948-01-07,disney
139,The Three Caballeros,Sudáfrica,1948-01-12,disney
140,Make Mine Music,Estados Unidos,1946-04-20,disney
141,Make Mine Music,Canadá,1946-06-14,disney
142,Make Mine Music,Reino Unido,1946-06-30,disney
143,Make Mine Music,Argentina,1946-07-19,disney
144,Make Mine Music,México,1946-07-25,disney
145,Make Mine Music,Venezuela,1946-08-01,disney
146,Make Mine Music,Estados Unidos,1946-08-15,disney
147,Make Mine Music,Reino Unido,1946-08-26,disney
148,Make Mine Music,Francia,1946-09-28,disney
149,Make Mine Music,Australia,1946-10-03,disney
150,Make Mine Music,Irlanda,1946-12-27,disney
151,Make Mine Music,Uruguay,1947-07-09,disney
152,Make Mine Music,Palestina,1947-11-15,disney
153,Make Mine Music,Nueva Zelanda,1947-11-24,disney
154,Make Mine Music,Portugal,1948-04-08,disney
155,Make Mine Music,Brasil,1948-06-17,disney
156,Make Mine Music,Suecia,1949-04-04,disney
157,Make Mine Music,Turquía,1949-06-17,disney
158,Make Mine Music,Sudáfrica,1949-06-20,disney
159,Make Mine Music,Sudáfrica,1949-06-21,disney
160,Fun and Fancy Free,Estados Unidos,1947-09-27,disney
161,Fun and Fancy Free,Estados Unidos,1947-10-22,disney
162,Fun and Fancy Free,Reino Unido,1948-01-22,disney
163,Fun and Fancy Free,Nueva Zelanda,1948-02-13,disney
164,Fun and Fancy Free,Estados Unidos,1948-03-12,disney
165,Fun and Fancy Free,Irlanda,1948-05-21,disney
166,Fun and Fancy Free,Estados Unidos,1948-06-18,disney
167,Fun and Fancy Free,Australia,1948-08-27,disney
168,Fun and Fancy Free,México,1948-12-16,disney
169,Fun and Fancy Free,Dinamarca,1949-05-14,disney
170,Fun and Fancy Free,Argentina,1949-07-10,disney
171,Fun and Fancy Free,Brasil,1949-10-31,disney
172,Fun and Fancy Free,Uruguay,1950-01-02,disney
173,Fun and Fancy Free,Israel,1950-02-18,disney
174,Fun and Fancy Free,Francia,1950-03-29,disney
175,Fun and Fancy Free,Suecia,1950-05-15,disney
176,Fun and Fancy Free,Bélgica,1950-08-03,disney
177,Fun and Fancy Free,Sudáfrica,1950-08-16,disney
178,Fun and Fancy Free,Sudáfrica,1950-08-21,disney
179,Fun and Fancy Free,Yugoslavia,1950-11-16,disney
180,Melody Time,Estados Unidos,1948-05-27,disney
181,Melody Time,Italia,1948-08-29,disney
182,Melody Time,Nueva Zelanda,1949-02-27,disney
183,Melody Time,Reino Unido,1949-04-14,disney
184,Melody Time,Australia,1949-05-21,disney
185,Melody Time,Reino Unido,1949-07-11,disney
186,Melody Time,Irlanda,1949-11-11,disney
187,Melody Time,Bélgica,1949-12-16,disney
188,Melody Time,México,1950-05-04,disney
189,Melody Time,Costa Rica,1950-06-19,disney
190,Melody Time,Argentina,1950-07-04,disney
191,Melody Time,Uruguay,1950-07-05,disney
192,Melody Time,Egipto,1950-07-10,disney
193,Melody Time,Brasil,1950-07-19,disney
194,Melody Time,Francia,1951-02-28,disney
195,Melody Time,Suecia,1951-04-16,disney
196,Melody Time,Sudáfrica,1951-09-28,disney
197,Melody Time,Sudáfrica,1951-10-01,disney
198,Melody Time,Sudáfrica,1951-10-05,disney
199,Melody Time,Países Bajos,1951-10-25,disney
200,The Adventures of Ichabod and Mr. Toad,Estados Unidos,1949-10-05,disney
201,The Adventures of Ichabod and Mr. Toad,Estados Unidos,1949-10-08,disney
202,The Adventures of Ichabod and Mr. Toad,Estados Unidos,1950-01-06,disney
203,The Adventures of Ichabod and Mr. Toad,Canadá,1950-02-12,disney
204,The Adventures of Ichabod and Mr. Toad,Nueva Zelanda,1950-02-16,disney
205,The Adventures of Ichabod and Mr. Toad,Reino Unido,1950-05-19,disney
206,The Adventures of Ichabod and Mr. Toad,Brasil,1950-11-13,disney
207,The Adventures of Ichabod and Mr. Toad,Irlanda,1950-12-15,disney
208,The Adventures of Ichabod and Mr. Toad,Australia,1951-05-11,disney
209,The Adventures of Ichabod and Mr. Toad,México,1951-10-10,disney
210,The Adventures of Ichabod and Mr. Toad,España,1951-12-25,disney
211,The Adventures of Ichabod and Mr. Toad,Sudáfrica,1952-06-25,disney
212,The Adventures of Ichabod and Mr. Toad,Sudáfrica,1952-07-02,disney
213,The Adventures of Ichabod and Mr. Toad,Uruguay,1952-07-07,disney
214,The Adventures of Ichabod and Mr. Toad,Portugal,1953-06-30,disney
215,The Adventures of Ichabod and Mr. Toad,Países Bajos,1955-07-10,disney
216,The Adventures of Ichabod and Mr. Toad,China,1957-05-08,disney
217,The Adventures of Ichabod and Mr. Toad,Islandia,1959-06-15,disney
218,The Adventures of Ichabod and Mr. Toad,Egipto,1959-11-06,disney
219,Cinderella,Estados Unidos,1950-02-15,disney
220,Cinderella,Estados Unidos,1950-02-22,disney
221,Cinderella,Estados Unidos,1950-02-22,disney
222,Cinderella,Estados Unidos,1950-03-04,disney
223,Cinderella,Canadá,1950-04-07,disney
224,Cinderella,Benín,1950-07-20,disney
225,Cinderella,Italia,1950-08-20,disney
226,Cinderella,Italia,1950-09-15,disney
227,Cinderella,Dinamarca,1950-11-18,disney
228,Cinderella,Bélgica,1950-12-07,disney
229,Cinderella,Países Bajos,1950-12-07,disney
230,Cinderella,Australia,1950-12-08,disney
231,Cinderella,Finlandia,1950-12-15,disney
232,Cinderella,Suecia,1950-12-18,disney
233,Cinderella,Portugal,1950-12-21,disney
234,Cinderella,Bélgica,1950-12-22,disney
235,Cinderella,Francia,1950-12-22,disney
236,Cinderella,Reino Unido,1950-12-22,disney
237,Cinderella,Noruega,1950-12-26,disney
238,Cinderella,Argentina,1951-01-02,disney
239,Alice in Wonderland,Reino Unido,1951-07-26,disney
240,Alice in Wonderland,Estados Unidos,1951-07-28,disney
241,Alice in Wonderland,Estados Unidos,1951-07-28,disney
242,Alice in Wonderland,Canadá,1951-08-09,disney
243,Alice in Wonderland,Reino Unido,1951-08-20,disney
244,Alice in Wonderland,Italia,1951-08-20,disney
245,Alice in Wonderland,Benín,1951-09-28,disney
246,Alice in Wonderland,Irlanda,1951-12-14,disney
247,Alice in Wonderland,Nueva Zelanda,1951-12-15,disney
248,Alice in Wonderland,Italia,1951-12-20,disney
249,Alice in Wonderland,Países Bajos,1951-12-20,disney
250,Alice in Wonderland,Portugal,1951-12-20,disney
251,Alice in Wonderland,Australia,1951-12-21,disney
252,Alice in Wonderland,Bélgica,1951-12-21,disney
253,Alice in Wonderland,Canadá,1951-12-21,disney
254,Alice in Wonderland,Finlandia,1951-12-21,disney
255,Alice in Wonderland,Francia,1951-12-21,disney
256,Alice in Wonderland,Israel,1951-12-22,disney
257,Alice in Wonderland,Dinamarca,1951-12-26,disney
258,Alice in Wonderland,Noruega,1951-12-26,disney
259,Peter Pan,Lesoto,1953-02-05,disney
260,Peter Pan,Estados Unidos,1953-02-05,disney
261,Peter Pan,Francia,1953-04-15,disney
262,Peter Pan,Reino Unido,1953-04-17,disney
263,Peter Pan,Canadá,1953-05-08,disney
264,Peter Pan,Reino Unido,1953-07-27,disney
265,Peter Pan,Irlanda,1953-07-31,disney
266,Peter Pan,Australia,1953-10-16,disney
267,Peter Pan,México,1953-11-11,disney
268,Peter Pan,Italia,1953-12-16,disney
269,Peter Pan,Australia,1953-12-18,disney
270,Peter Pan,Finlandia,1953-12-18,disney
271,Peter Pan,Francia,1953-12-18,disney
272,Peter Pan,Suecia,1953-12-21,disney
273,Peter Pan,Alemania Occidental,1953-12-22,disney
274,Peter Pan,Francia,1953-12-23,disney
275,Peter Pan,Dinamarca,1953-12-26,disney
276,Peter Pan,Noruega,1953-12-26,disney
277,Peter Pan,Niue,1954-02-25,disney
278,Peter Pan,Filipinas,1954-02-25,disney
279,Lady and the Tramp,Estados Unidos,1955-06-16,disney
280,Lady and the Tramp,Estados Unidos,1955-06-22,disney
281,Lady and the Tramp,Reino Unido,1955-09-02,disney
282,Lady and the Tramp,Canadá,1955-09-27,disney
283,Lady and the Tramp,Portugal,1955-09-28,disney
284,Lady and the Tramp,Italia,1955-12-15,disney
285,Lady and the Tramp,Francia,1955-12-16,disney
286,Lady and the Tramp,Suecia,1955-12-19,disney
287,Lady and the Tramp,Bélgica,1955-12-23,disney
288,Lady and the Tramp,Finlandia,1955-12-23,disney
289,Lady and the Tramp,Irlanda,1955-12-23,disney
290,Lady and the Tramp,Países Bajos,1955-12-23,disney
291,Lady and the Tramp,Dinamarca,1955-12-26,disney
292,Lady and the Tramp,Noruega,1955-12-26,disney
293,Lady and the Tramp,Reino Unido,1956-01-03,disney
294,Lady and the Tramp,Australia,1956-02-23,disney
295,Lady and the Tramp,Sudáfrica,1956-03-28,disney
296,Lady and the Tramp,Sudáfrica,1956-03-28,disney
297,Lady and the Tramp,Sudáfrica,1956-06-18,disney
298,Lady and the Tramp,Argentina,1956-07-03,disney
299,Sleeping Beauty,Estados Unidos,1959-01-29,disney
300,Sleeping Beauty,Estados Unidos,1959-01-29,disney
301,Sleeping Beauty,Estados Unidos,1959-02-17,disney
302,Sleeping Beauty,Reino Unido,1959-07-29,disney
303,Sleeping Beauty,Alemania Occidental,1959-10-30,disney
304,Sleeping Beauty,Italia,1959-12-01,disney
305,Sleeping Beauty,Francia,1959-12-16,disney
306,Sleeping Beauty,Países Bajos,1959-12-17,disney
307,Sleeping Beauty,Finlandia,1959-12-18,disney
308,Sleeping Beauty,Irlanda,1959-12-18,disney
309,Sleeping Beauty,Suecia,1959-12-19,disney
310,Sleeping Beauty,Australia,1959-12-24,disney
311,Sleeping Beauty,México,1959-12-24,disney
312,Sleeping Beauty,Bélgica,1959-12-25,disney
313,Sleeping Beauty,Dinamarca,1959-12-26,disney
314,Sleeping Beauty,Noruega,1959-12-26,disney
315,Sleeping Beauty,Austria,1960-01-15,disney
316,Sleeping Beauty,Benín,1960-01-29,disney
317,Sleeping Beauty,Países Bajos,1960-04-14,disney
318,Sleeping Beauty,Nueva Zelanda,1960-05-01,disney
319,One Hundred and One Dalmatians,Estados Unidos,1961-01-25,disney
320,One Hundred and One Dalmatians,Canadá,1961-02-24,disney
321,One Hundred and One Dalmatians,Reino Unido,1961-03-31,disney
322,One Hundred and One Dalmatians,Unión Soviética,1961-04-17,disney
323,One Hundred and One Dalmatians,España,1961-07-01,disney
324,One Hundred and One Dalmatians,España,1961-09-21,disney
325,One Hundred and One Dalmatians,Australia,1961-10-08,disney
326,One Hundred and One Dalmatians,Filipinas,1961-11-01,disney
327,One Hundred and One Dalmatians,Benín,1961-11-10,disney
328,One Hundred and One Dalmatians,Italia,1961-11-30,disney
329,One Hundred and One Dalmatians,Portugal,1961-12-14,disney
330,One Hundred and One Dalmatians,Finlandia,1961-12-15,disney
331,One Hundred and One Dalmatians,Alemania Occidental,1961-12-19,disney
332,One Hundred and One Dalmatians,Francia,1961-12-20,disney
333,One Hundred and One Dalmatians,México,1961-12-21,disney
334,One Hundred and One Dalmatians,Bélgica,1961-12-22,disney
335,One Hundred and One Dalmatians,Irlanda,1961-12-22,disney
336,One Hundred and One Dalmatians,Francia,1961-12-23,disney
337,One Hundred and One Dalmatians,Dinamarca,1961-12-26,disney
338,One Hundred and One Dalmatians,Noruega,1961-12-26,disney
339,The Sword in the Stone,Reino Unido,1963-12-12,disney
340,The Sword in the Stone,Reino Unido,1963-12-18,disney
341,The Sword in the Stone,Canadá,1963-12-25,disney
342,The Sword in the Stone,Estados Unidos,1963-12-25,disney
343,The Sword in the Stone,Australia,1964-04-15,disney
344,The Sword in the Stone,Hong Kong,1964-05-28,disney
345,The Sword in the Stone,Irlanda,1964-06-19,disney
346,The Sword in the Stone,Estados Unidos,1964-06-21,disney
347,The Sword in the Stone,Japón,1964-07-18,disney
348,The Sword in the Stone,México,1964-12-10,disney
349,The Sword in the Stone,Suecia,1964-12-14,disney
350,The Sword in the Stone,Francia,1964-12-16,disney
351,The Sword in the Stone,Alemania Occidental,1964-12-17,disney
352,The Sword in the Stone,Italia,1964-12-22,disney
353,The Sword in the Stone,Brasil,1964-12-25,disney
354,The Sword in the Stone,Dinamarca,1964-12-26,disney
355,The Sword in the Stone,Noruega,1964-12-26,disney
356,The Sword in the Stone,Bélgica,1965-01-01,disney
357,The Sword in the Stone,Colombia,1965-01-01,disney
358,The Sword in the Stone,Nueva Zelanda,1965-05-02,disney
359,The Jungle Book,Estados Unidos,1967-10-18,disney
360,The Jungle Book,Reino Unido,1967-11-17,disney
361,The Jungle Book,Canadá,1967-12-04,disney
362,The Jungle Book,Reino Unido,1967-12-24,disney
363,The Jungle Book,Filipinas,1968-01-15,disney
364,The Jungle Book,Unión Soviética,1968-04-11,disney
365,The Jungle Book,Irlanda,1968-04-12,disney
366,The Jungle Book,Hong Kong,1968-05-16,disney
367,The Jungle Book,Japón,1968-07-23,disney
368,The Jungle Book,Italia,1968-12-06,disney
369,The Jungle Book,Suecia,1968-12-09,disney
370,The Jungle Book,Francia,1968-12-11,disney
371,The Jungle Book,España,1968-12-13,disney
372,The Jungle Book,Alemania Occidental,1968-12-13,disney
373,The Jungle Book,Portugal,1968-12-18,disney
374,The Jungle Book,Australia,1968-12-19,disney
375,The Jungle Book,Países Bajos,1968-12-19,disney
376,The Jungle Book,Austria,1968-12-20,disney
377,The Jungle Book,Bélgica,1968-12-20,disney
378,The Jungle Book,Finlandia,1968-12-20,disney
379,The Aristocats,Estados Unidos,1970-12-11,disney
380,The Aristocats,Estados Unidos,1970-12-24,disney
381,The Aristocats,Reino Unido,1970-12-27,disney
382,The Aristocats,Filipinas,1971-01-06,disney
383,The Aristocats,Benín,1971-01-08,disney
384,The Aristocats,Camerún,1971-02-05,disney
385,The Aristocats,Irlanda,1971-07-02,disney
386,The Aristocats,Australia,1971-08-04,disney
387,The Aristocats,Chile,1971-10-01,disney
388,The Aristocats,Italia,1971-11-13,disney
389,The Aristocats,Grecia,1971-12-02,disney
390,The Aristocats,Suecia,1971-12-03,disney
391,The Aristocats,España,1971-12-06,disney
392,The Aristocats,Francia,1971-12-08,disney
393,The Aristocats,Alemania Occidental,1971-12-15,disney
394,The Aristocats,Finlandia,1971-12-17,disney
395,The Aristocats,Portugal,1971-12-17,disney
396,The Aristocats,Noruega,1971-12-18,disney
397,The Aristocats,Brasil,1971-12-20,disney
398,The Aristocats,Países Bajos,1971-12-23,disney
399,Robin Hood,Estados Unidos,1973-11-08,disney
400,Robin Hood,Estados Unidos,1973-11-09,disney
401,Robin Hood,Grecia,1973-12-04,disney
402,Robin Hood,Reino Unido,1973-12-13,disney
403,Robin Hood,Benín,1973-12-14,disney
404,Robin Hood,Estados Unidos,1973-12-21,disney
405,Robin Hood,Canadá,1973-12-25,disney
406,Robin Hood,Filipinas,1973-12-26,disney
407,Robin Hood,Irlanda,1974-06-21,disney
408,Robin Hood,Argentina,1974-07-05,disney
409,Robin Hood,Bélgica,1974-07-10,disney
410,Robin Hood,México,1974-08-08,disney
411,Robin Hood,Italia,1974-10-10,disney
412,Robin Hood,Francia,1974-10-30,disney
413,Robin Hood,Nueva Zelanda,1974-11-20,disney
414,Robin Hood,Suecia,1974-11-30,disney
415,Robin Hood,España,1974-12-05,disney
416,Robin Hood,Países Bajos,1974-12-11,disney
417,Robin Hood,Alemania Occidental,1974-12-13,disney
418,Robin Hood,Noruega,1974-12-19,disney
419,The Rescuers,Estados Unidos,1977-06-19,disney
420,The Rescuers,Filipinas,1977-06-22,disney
421,The Rescuers,Estados Unidos,1977-06-22,disney
422,The Rescuers,Estados Unidos,1977-07-06,disney
423,The Rescuers,Brasil,1977-07-22,disney
424,The Rescuers,Portugal,1977-07-27,disney
425,The Rescuers,México,1977-08-03,disney
426,The Rescuers,Benín,1977-10-07,disney
427,The Rescuers,Reino Unido,1977-10-13,disney
428,The Rescuers,Reino Unido,1977-10-14,disney
429,The Rescuers,Grecia,1977-11-02,disney
430,The Rescuers,España,1977-11-25,disney
431,The Rescuers,Francia,1977-11-30,disney
432,The Rescuers,Italia,1977-12-15,disney
433,The Rescuers,Países Bajos,1977-12-15,disney
434,The Rescuers,Alemania Occidental,1977-12-16,disney
435,The Rescuers,Hong Kong,1977-12-22,disney
436,The Rescuers,Portugal,1977-12-22,disney
437,The Rescuers,Australia,1977-12-29,disney
438,The Rescuers,Uruguay,1978-06-29,disney
439,The Fox and the Hound,Canadá,1981-07-10,disney
440,The Fox and the Hound,Estados Unidos,1981-07-10,disney
441,The Fox and the Hound,Filipinas,1981-08-06,disney
442,The Fox and the Hound,Camerún,1981-08-07,disney
443,The Fox and the Hound,Benín,1981-08-14,disney
444,The Fox and the Hound,Chile,1981-09-10,disney
445,The Fox and the Hound,Alemania Occidental,1981-11-13,disney
446,The Fox and the Hound,Italia,1981-11-19,disney
447,The Fox and the Hound,Italia,1981-11-21,disney
448,The Fox and the Hound,Francia,1981-11-25,disney
449,The Fox and the Hound,España,1981-11-27,disney
450,The Fox and the Hound,Dinamarca,1981-12-04,disney
451,The Fox and the Hound,Suecia,1981-12-05,disney
452,The Fox and the Hound,Finlandia,1981-12-11,disney
453,The Fox and the Hound,Reino Unido,1981-12-18,disney
454,The Fox and the Hound,Países Bajos,1981-12-24,disney
455,The Fox and the Hound,Australia,1981-12-26,disney
456,The Fox and the Hound,Hong Kong,1982-01-14,disney
457,The Fox and the Hound,Argentina,1982-02-11,disney
458,The Fox and the Hound,Portugal,1982-02-18,disney
459,The Black Cauldron,Canadá,1985-07-24,disney
460,The Black Cauldron,Estados Unidos,1985-07-24,disney
461,The Black Cauldron,Estados Unidos,1985-07-26,disney
462,The Black Cauldron,Reino Unido,1985-10-11,disney
463,The Black Cauldron,Dinamarca,1985-11-22,disney
464,The Black Cauldron,Francia,1985-11-27,disney
465,The Black Cauldron,Suecia,1985-11-29,disney
466,The Black Cauldron,Filipinas,1985-12-04,disney
467,The Black Cauldron,Alemania Occidental,1985-12-05,disney
468,The Black Cauldron,Benín,1985-12-06,disney
469,The Black Cauldron,Filipinas,1985-12-11,disney
470,The Black Cauldron,Finlandia,1985-12-13,disney
471,The Black Cauldron,Filipinas,1985-12-18,disney
472,The Black Cauldron,España,1985-12-19,disney
473,The Black Cauldron,Países Bajos,1985-12-19,disney
474,The Black Cauldron,Brasil,1985-12-27,disney
475,The Black Cauldron,Hong Kong,1986-02-20,disney
476,The Black Cauldron,Italia,1986-03-13,disney
477,The Black Cauldron,Portugal,1986-03-18,disney
478,The Black Cauldron,Australia,1986-05-08,disney
479,The Great Mouse Detective,Estados Unidos,1986-06-23,disney
480,The Great Mouse Detective,India,1986-06-30,disney
481,The Great Mouse Detective,Estados Unidos,1986-07-02,disney
482,The Great Mouse Detective,Reino Unido,1986-10-10,disney
483,The Great Mouse Detective,Francia,1986-11-26,disney
484,The Great Mouse Detective,Suecia,1986-11-28,disney
485,The Great Mouse Detective,Canadá,1986-12-02,disney
486,The Great Mouse Detective,Alemania Occidental,1986-12-04,disney
487,The Great Mouse Detective,Dinamarca,1986-12-05,disney
488,The Great Mouse Detective,España,1986-12-05,disney
489,The Great Mouse Detective,Países Bajos,1986-12-18,disney
490,The Great Mouse Detective,Finlandia,1986-12-19,disney
491,The Great Mouse Detective,Portugal,1986-12-19,disney
492,The Great Mouse Detective,Brasil,1986-12-25,disney
493,The Great Mouse Detective,Colombia,1986-12-25,disney
494,The Great Mouse Detective,Australia,1986-12-26,disney
495,The Great Mouse Detective,Benín,1987-01-02,disney
496,The Great Mouse Detective,Argentina,1987-01-08,disney
497,The Great Mouse Detective,Hong Kong,1987-02-26,disney
498,The Great Mouse Detective,Italia,1987-04-16,disney
499,Oliver & Company,Estados Unidos,1988-11-13,disney
500,Oliver & Company,Filipinas,1988-11-16,disney
501,Oliver & Company,Canadá,1988-11-18,disney
502,Oliver & Company,Estados Unidos,1988-11-18,disney
503,Oliver & Company,Nueva Zelanda,1989-06-19,disney
504,Oliver & Company,Uruguay,1989-07-08,disney
505,Oliver & Company,Argentina,1989-07-13,disney
506,Oliver & Company,Perú,1989-07-14,disney
507,Oliver & Company,Israel,1989-07-15,disney
508,Oliver & Company,Benín,1989-07-28,disney
509,Oliver & Company,Suiza,1989-08-05,disney
510,Oliver & Company,España,1989-11-28,disney
511,Oliver & Company,Francia,1989-11-29,disney
512,Oliver & Company,Noruega,1989-11-30,disney
513,Oliver & Company,Alemania Occidental,1989-11-30,disney
514,Oliver & Company,Austria,1989-12-01,disney
515,Oliver & Company,Dinamarca,1989-12-01,disney
516,Oliver & Company,Grecia,1989-12-01,disney
517,Oliver & Company,Italia,1989-12-01,disney
518,Oliver & Company,Suecia,1989-12-01,disney
519,The Little Mermaid,Estados Unidos,1989-11-13,disney
520,The Little Mermaid,Canadá,1989-11-17,disney
521,The Little Mermaid,Estados Unidos,1989-11-17,disney
522,The Little Mermaid,Libia,1989-11-24,disney
523,The Little Mermaid,Argentina,1989-12-07,disney
524,The Little Mermaid,Perú,1989-12-14,disney
525,The Little Mermaid,Liberia,1989-12-29,disney
526,The Little Mermaid,Chile,1990-03-12,disney
527,The Little Mermaid,Francia,1990-05-20,disney
528,The Little Mermaid,Benín,1990-05-25,disney
529,The Little Mermaid,Camerún,1990-06-01,disney
530,The Little Mermaid,Filipinas,1990-06-01,disney
531,The Little Mermaid,Nueva Zelanda,1990-06-22,disney
532,The Little Mermaid,Australia,1990-07-05,disney
533,The Little Mermaid,Israel,1990-07-06,disney
534,The Little Mermaid,Madagascar,1990-07-31,disney
535,The Little Mermaid,Suiza,1990-08-02,disney
536,The Little Mermaid,Reino Unido,1990-10-12,disney
537,The Little Mermaid,Austria,1990-10-17,disney
538,The Little Mermaid,Dinamarca,1990-11-16,disney
539,The Rescuers Down Under,Estados Unidos,1990-11-16,disney
540,The Rescuers Down Under,Ucrania,1990-12-09,disney
541,The Rescuers Down Under,Brasil,1990-12-14,disney
542,The Rescuers Down Under,Canadá,1990-12-21,disney
543,The Rescuers Down Under,Australia,1991-06-13,disney
544,The Rescuers Down Under,México,1991-06-19,disney
545,The Rescuers Down Under,Argentina,1991-07-04,disney
546,The Rescuers Down Under,Chile,1991-07-05,disney
547,The Rescuers Down Under,Uruguay,1991-07-06,disney
548,The Rescuers Down Under,Perú,1991-07-07,disney
549,The Rescuers Down Under,Brasil,1991-07-12,disney
550,The Rescuers Down Under,Israel,1991-07-12,disney
551,The Rescuers Down Under,Nueva Zelanda,1991-07-26,disney
552,The Rescuers Down Under,Reino Unido,1991-10-11,disney
553,The Rescuers Down Under,Irlanda,1991-10-25,disney
554,The Rescuers Down Under,Francia,1991-11-27,disney
555,The Rescuers Down Under,Dinamarca,1991-11-29,disney
556,The Rescuers Down Under,Finlandia,1991-11-29,disney
557,The Rescuers Down Under,Suecia,1991-11-29,disney
558,The Rescuers Down Under,España,1991-12-04,disney
559,Beauty and the Beast,Estados Unidos,1991-09-29,disney
560,Beauty and the Beast,Estados Unidos,1991-11-10,disney
561,Beauty and the Beast,Estados Unidos,1991-11-13,disney
562,Beauty and the Beast,Estados Unidos,1991-11-15,disney
563,Beauty and the Beast,Canadá,1991-11-22,disney
564,Beauty and the Beast,Estados Unidos,1991-11-22,disney
565,Beauty and the Beast,Colombia,1991-11-25,disney
566,Beauty and the Beast,Benín,1991-12-06,disney
567,Beauty and the Beast,Brasil,1991-12-13,disney
568,Beauty and the Beast,Bahamas,1991-12-13,disney
569,Beauty and the Beast,Zambia,1991-12-13,disney
570,Beauty and the Beast,Filipinas,1991-12-20,disney
571,Beauty and the Beast,Indonesia,1992-01-01,disney
572,Beauty and the Beast,Tailandia,1992-01-01,disney
573,Beauty and the Beast,Chile,1992-01-02,disney
574,Beauty and the Beast,Camerún,1992-01-03,disney
575,Beauty and the Beast,Francia,1992-05-13,disney
576,Beauty and the Beast,Australia,1992-06-11,disney
577,Beauty and the Beast,Brasil,1992-06-26,disney
578,Beauty and the Beast,Uruguay,1992-06-26,disney
579,Aladdin,Estados Unidos,1992-11-08,disney
580,Aladdin,Estados Unidos,1992-11-11,disney
581,Aladdin,Estados Unidos,1992-11-11,disney
582,Aladdin,Estados Unidos,1992-11-12,disney
583,Aladdin,Lesoto,1992-11-25,disney
584,Aladdin,Estados Unidos,1992-11-25,disney
585,Aladdin,Kiribati,1992-11-26,disney
586,Aladdin,Mónaco,1992-11-26,disney
587,Aladdin,Canadá,1992-11-27,disney
588,Aladdin,Dominica,1992-11-27,disney
589,Aladdin,República Dominicana,1992-11-27,disney
590,Aladdin,Brasil,1992-12-11,disney
591,Aladdin,Israel,1992-12-14,disney
592,Aladdin,Benín,1992-12-18,disney
593,Aladdin,Chile,1992-12-24,disney
594,Aladdin,Camerún,1992-12-25,disney
595,Aladdin,Siria,1992-12-25,disney
596,Aladdin,Kuwait,1992-12-29,disney
597,Aladdin,Arabia Saudí,1992-12-29,disney
598,Aladdin,Jamaica,1992-12-30,disney
599,The Lion King,Estados Unidos,1994-06-12,disney
600,The Lion King,Estados Unidos,1994-06-15,disney
601,The Lion King,Israel,1994-06-23,disney
602,The Lion King,Brasil,1994-06-24,disney
603,The Lion King,Canadá,1994-06-24,disney
604,The Lion King,Lesoto,1994-06-24,disney
605,The Lion King,Túnez,1994-06-24,disney
606,The Lion King,Estados Unidos,1994-06-24,disney
607,The Lion King,Uruguay,1994-06-24,disney
608,The Lion King,Chile,1994-06-30,disney
609,The Lion King,Colombia,1994-06-30,disney
610,The Lion King,Brasil,1994-07-01,disney
611,The Lion King,Camerún,1994-07-01,disney
612,The Lion King,Corea del Sur,1994-07-02,disney
613,The Lion King,México,1994-07-03,disney
614,The Lion King,Venezuela,1994-07-06,disney
615,The Lion King,Argentina,1994-07-07,disney
616,The Lion King,México,1994-07-07,disney
617,The Lion King,Hong Kong,1994-07-08,disney
618,The Lion King,Perú,1994-07-08,disney
619,Pocahontas,Estados Unidos,1995-06-10,disney
620,Pocahontas,Estados Unidos,1995-06-16,disney
621,Pocahontas,Canadá,1995-06-23,disney
622,Pocahontas,Colombia,1995-06-23,disney
623,Pocahontas,Estados Unidos,1995-06-23,disney
624,Pocahontas,Uruguay,1995-06-23,disney
625,Pocahontas,Israel,1995-06-26,disney
626,Pocahontas,Brasil,1995-06-30,disney
627,Pocahontas,Corea del Sur,1995-06-30,disney
628,Pocahontas,México,1995-06-30,disney
629,Pocahontas,Venezuela,1995-07-05,disney
630,Pocahontas,Argentina,1995-07-06,disney
631,Pocahontas,Perú,1995-07-06,disney
632,Pocahontas,Hong Kong,1995-07-07,disney
633,Pocahontas,Rusia,1995-07-13,disney
634,Pocahontas,Taiwán,1995-07-14,disney
635,Pocahontas,Bolivia,1995-07-20,disney
636,Pocahontas,Japón,1995-07-21,disney
637,Pocahontas,Belice,1995-07-28,disney
638,Pocahontas,Costa Rica,1995-07-28,disney
639,The Hunchback of Notre Dame,Estados Unidos,1996-06-19,disney
640,The Hunchback of Notre Dame,Estados Unidos,1996-06-21,disney
641,The Hunchback of Notre Dame,Canadá,1996-06-24,disney
642,The Hunchback of Notre Dame,Argentina,1996-06-27,disney
643,The Hunchback of Notre Dame,Brasil,1996-06-28,disney
644,The Hunchback of Notre Dame,Uruguay,1996-06-28,disney
645,The Hunchback of Notre Dame,México,1996-07-04,disney
646,The Hunchback of Notre Dame,Corea del Sur,1996-07-06,disney
647,The Hunchback of Notre Dame,Israel,1996-07-11,disney
648,The Hunchback of Notre Dame,Reino Unido,1996-07-19,disney
649,The Hunchback of Notre Dame,Irlanda,1996-07-19,disney
650,The Hunchback of Notre Dame,Japón,1996-08-24,disney
651,The Hunchback of Notre Dame,Australia,1996-09-12,disney
652,The Hunchback of Notre Dame,Dinamarca,1996-09-18,disney
653,The Hunchback of Notre Dame,Grecia,1996-10-05,disney
654,The Hunchback of Notre Dame,Benín,1996-11-01,disney
655,The Hunchback of Notre Dame,Portugal,1996-11-12,disney
656,The Hunchback of Notre Dame,Dinamarca,1996-11-15,disney
657,The Hunchback of Notre Dame,Polonia,1996-11-15,disney
658,The Hunchback of Notre Dame,Suecia,1996-11-15,disney
659,Hercules,Estados Unidos,1997-06-13,disney
660,Hercules,Estados Unidos,1997-06-14,disney
661,Hercules,Canadá,1997-06-27,disney
662,Hercules,Estados Unidos,1997-06-27,disney
663,Hercules,Uruguay,1997-06-27,disney
664,Hercules,Argentina,1997-07-03,disney
665,Hercules,Brasil,1997-07-04,disney
666,Hercules,México,1997-07-04,disney
667,Hercules,Corea del Sur,1997-07-05,disney
668,Hercules,Hong Kong,1997-07-10,disney
669,Hercules,Grecia,1997-07-12,disney
670,Hercules,Taiwán,1997-07-12,disney
671,Hercules,Granada,1997-07-24,disney
672,Hercules,El Salvador,1997-07-25,disney
673,Hercules,Japón,1997-07-26,disney
674,Hercules,Azerbaiyán,1997-08-10,disney
675,Hercules,Bielorrusia,1997-08-10,disney
676,Hercules,Kazajistán,1997-08-10,disney
677,Hercules,Ruanda,1997-08-14,disney
678,Hercules,Singapur,1997-08-20,disney
679,Mulan,Estados Unidos,1998-06-05,disney
680,Mulan,Singapur,1998-06-18,disney
681,Mulan,Canadá,1998-06-19,disney
682,Mulan,Israel,1998-06-19,disney
683,Mulan,Estados Unidos,1998-06-19,disney
684,Mulan,Chile,1998-06-25,disney
685,Mulan,Uruguay,1998-06-26,disney
686,Mulan,Brasil,1998-07-01,disney
687,Mulan,México,1998-07-03,disney
688,Mulan,Taiwán,1998-07-04,disney
689,Mulan,Argentina,1998-07-09,disney
690,Mulan,Hong Kong,1998-07-09,disney
691,Mulan,Benín,1998-07-10,disney
692,Mulan,Camerún,1998-07-10,disney
693,Mulan,Filipinas,1998-07-15,disney
694,Mulan,Azerbaiyán,1998-07-16,disney
695,Mulan,Kirguistán,1998-07-16,disney
696,Mulan,Tayikistán,1998-07-16,disney
697,Mulan,Turkmenistán,1998-07-16,disney
698,Mulan,Uzbekistán,1998-07-16,disney
699,Tarzan,Estados Unidos,1999-06-12,disney
700,Tarzan,Estados Unidos,1999-06-16,disney
701,Tarzan,Israel,1999-06-17,disney
702,Tarzan,Malasia,1999-06-17,disney
703,Tarzan,Singapur,1999-06-17,disney
704,Tarzan,Canadá,1999-06-18,disney
705,Tarzan,Colombia,1999-06-18,disney
706,Tarzan,Estados Unidos,1999-06-18,disney
707,Tarzan,Uruguay,1999-06-25,disney
708,Tarzan,Brasil,1999-07-02,disney
709,Tarzan,Sudáfrica,1999-07-02,disney
710,Tarzan,Argentina,1999-07-08,disney
711,Tarzan,Indonesia,1999-07-09,disney
712,Tarzan,Hong Kong,1999-07-10,disney
713,Tarzan,Filipinas,1999-07-14,disney
714,Tarzan,México,1999-07-16,disney
715,Tarzan,Corea del Sur,1999-07-17,disney
716,Tarzan,Taiwán,1999-07-17,disney
717,Tarzan,Filipinas,1999-08-04,disney
718,Tarzan,Egipto,1999-09-01,disney
719,Fantasia 2000,Estados Unidos,1999-12-17,disney
720,Fantasia 2000,Estados Unidos,1999-12-17,disney
721,Fantasia 2000,Reino Unido,1999-12-21,disney
722,Fantasia 2000,Francia,1999-12-22,disney
723,Fantasia 2000,Japón,1999-12-27,disney
724,Fantasia 2000,Benín,1999-12-31,disney
725,Fantasia 2000,Rusia,1999-12-31,disney
726,Fantasia 2000,Estados Unidos,1999-12-31,disney
727,Fantasia 2000,Bélgica,2000-01-01,disney
728,Fantasia 2000,Benín,2000-01-01,disney
729,Fantasia 2000,Alemania,2000-01-01,disney
730,Fantasia 2000,España,2000-01-01,disney
731,Fantasia 2000,Francia,2000-01-01,disney
732,Fantasia 2000,Reino Unido,2000-01-01,disney
733,Fantasia 2000,Hong Kong,2000-01-01,disney
734,Fantasia 2000,Irlanda,2000-01-01,disney
735,Fantasia 2000,Japón,2000-01-01,disney
736,Fantasia 2000,México,2000-01-01,disney
737,Fantasia 2000,Países Bajos,2000-01-01,disney
738,Fantasia 2000,Singapur,2000-01-01,disney
739,Dinosaur,Estados Unidos,2000-05-13,disney
740,Dinosaur,Camerún,2000-05-19,disney
741,Dinosaur,Malta,2000-05-19,disney
742,Dinosaur,Estados Unidos,2000-05-19,disney
743,Dinosaur,Argentina,2000-06-15,disney
744,Dinosaur,Australia,2000-06-15,disney
745,Dinosaur,Baréin,2000-06-15,disney
746,Dinosaur,República Democrática del Congo,2000-06-15,disney
747,Dinosaur,Suiza,2000-06-15,disney
748,Dinosaur,Chile,2000-06-15,disney
749,Dinosaur,República Checa,2000-06-15,disney
750,Dinosaur,Alemania,2000-06-15,disney
751,Dinosaur,Georgia,2000-06-15,disney
752,Dinosaur,Hong Kong,2000-06-15,disney
753,Dinosaur,Croacia,2000-06-15,disney
754,Dinosaur,Italia,2000-06-15,disney
755,Dinosaur,North Macedonia,2000-06-15,disney
756,Dinosaur,Malasia,2000-06-15,disney
757,Dinosaur,Países Bajos,2000-06-15,disney
758,Dinosaur,Nueva Zelanda,2000-06-15,disney
759,The Emperor's New Groove,India,2000-11-22,disney
760,The Emperor's New Groove,Estados Unidos,2000-12-10,disney
761,The Emperor's New Groove,Estados Unidos,2000-12-10,disney
762,The Emperor's New Groove,Benín,2000-12-15,disney
763,The Emperor's New Groove,Canadá,2000-12-15,disney
764,The Emperor's New Groove,Camerún,2000-12-15,disney
765,The Emperor's New Groove,China,2000-12-15,disney
766,The Emperor's New Groove,Estados Unidos,2000-12-15,disney
767,The Emperor's New Groove,Georgia,2000-12-16,disney
768,The Emperor's New Groove,Guayana,2000-12-25,disney
769,The Emperor's New Groove,Brasil,2000-12-29,disney
770,The Emperor's New Groove,Bosnia-Herzegovina,2000-12-31,disney
771,The Emperor's New Groove,Baréin,2001-01-01,disney
772,The Emperor's New Groove,Armenia,2001-01-03,disney
773,The Emperor's New Groove,Filipinas,2001-01-04,disney
774,The Emperor's New Groove,Azerbaiyán,2001-01-05,disney
775,The Emperor's New Groove,Bielorrusia,2001-01-05,disney
776,The Emperor's New Groove,Kazajistán,2001-01-05,disney
777,The Emperor's New Groove,Ucrania,2001-01-07,disney
778,The Emperor's New Groove,Angola,2001-01-10,disney
779,Atlantis: The Lost Empire,Emiratos Árabes Unidos,2001-06-02,disney
780,Atlantis: The Lost Empire,Kuwait,2001-06-02,disney
781,Atlantis: The Lost Empire,Estados Unidos,2001-06-03,disney
782,Atlantis: The Lost Empire,Benín,2001-06-08,disney
783,Atlantis: The Lost Empire,Estados Unidos,2001-06-08,disney
784,Atlantis: The Lost Empire,Estados Unidos,2001-06-08,disney
785,Atlantis: The Lost Empire,Canadá,2001-06-15,disney
786,Atlantis: The Lost Empire,Estados Unidos,2001-06-15,disney
787,Atlantis: The Lost Empire,Azerbaiyán,2001-06-21,disney
788,Atlantis: The Lost Empire,Líbano,2001-06-21,disney
789,Atlantis: The Lost Empire,Malasia,2001-06-21,disney
790,Atlantis: The Lost Empire,Serbia,2001-06-21,disney
791,Atlantis: The Lost Empire,Rusia,2001-06-21,disney
792,Atlantis: The Lost Empire,Singapur,2001-06-21,disney
793,Atlantis: The Lost Empire,Eslovaquia,2001-06-21,disney
794,Atlantis: The Lost Empire,Tailandia,2001-06-21,disney
795,Atlantis: The Lost Empire,Colombia,2001-06-22,disney
796,Atlantis: The Lost Empire,Guatemala,2001-06-22,disney
797,Atlantis: The Lost Empire,Baréin,2001-06-26,disney
798,Atlantis: The Lost Empire,Venezuela,2001-06-27,disney
799,Lilo & Stitch,India,2002-06-16,disney
800,Lilo & Stitch,Estados Unidos,2002-06-16,disney
801,Lilo & Stitch,Uruguay,2002-06-19,disney
802,Lilo & Stitch,Canadá,2002-06-21,disney
803,Lilo & Stitch,Colombia,2002-06-21,disney
804,Lilo & Stitch,Italia,2002-06-21,disney
805,Lilo & Stitch,Estados Unidos,2002-06-21,disney
806,Lilo & Stitch,Francia,2002-06-22,disney
807,Lilo & Stitch,Bélgica,2002-06-26,disney
808,Lilo & Stitch,Venezuela,2002-06-26,disney
809,Lilo & Stitch,Suiza,2002-06-27,disney
810,Lilo & Stitch,Países Bajos,2002-06-27,disney
811,Lilo & Stitch,Brasil,2002-06-28,disney
812,Lilo & Stitch,México,2002-06-28,disney
813,Lilo & Stitch,Portugal,2002-06-28,disney
814,Lilo & Stitch,Austria,2002-07-04,disney
815,Lilo & Stitch,Alemania,2002-07-04,disney
816,Lilo & Stitch,Israel,2002-07-04,disney
817,Lilo & Stitch,Perú,2002-07-04,disney
818,Lilo & Stitch,España,2002-07-05,disney
819,Treasure Planet,Francia,2002-11-05,disney
820,Treasure Planet,Estados Unidos,2002-11-17,disney
821,Treasure Planet,República Checa,2002-11-21,disney
822,Treasure Planet,Canadá,2002-11-27,disney
823,Treasure Planet,Francia,2002-11-27,disney
824,Treasure Planet,Estados Unidos,2002-11-27,disney
825,Treasure Planet,Dinamarca,2002-11-29,disney
826,Treasure Planet,Polonia,2002-11-29,disney
827,Treasure Planet,Austria,2002-12-05,disney
828,Treasure Planet,Alemania,2002-12-05,disney
829,Treasure Planet,España,2002-12-05,disney
830,Treasure Planet,Uruguay,2002-12-05,disney
831,Treasure Planet,Estonia,2002-12-06,disney
832,Treasure Planet,Lituania,2002-12-06,disney
833,Treasure Planet,Portugal,2002-12-06,disney
834,Treasure Planet,Países Bajos,2002-12-08,disney
835,Treasure Planet,Bélgica,2002-12-11,disney
836,Treasure Planet,Argentina,2002-12-12,disney
837,Treasure Planet,México,2002-12-12,disney
838,Treasure Planet,Nueva Zelanda,2002-12-12,disney
839,Brother Bear,Estados Unidos,2003-10-20,disney
840,Brother Bear,Estados Unidos,2003-10-24,disney
841,Brother Bear,Canadá,2003-11-01,disney
842,Brother Bear,Estados Unidos,2003-11-01,disney
843,Brother Bear,Argentina,2003-12-04,disney
844,Brother Bear,Reino Unido,2003-12-05,disney
845,Brother Bear,Irlanda,2003-12-05,disney
846,Brother Bear,Paraguay,2003-12-05,disney
847,Brother Bear,Uruguay,2003-12-05,disney
848,Brother Bear,Brasil,2003-12-12,disney
849,Brother Bear,Chile,2003-12-12,disney
850,Brother Bear,México,2003-12-17,disney
851,Brother Bear,Panamá,2003-12-19,disney
852,Brother Bear,Bolivia,2003-12-25,disney
853,Brother Bear,Nueva Zelanda,2003-12-25,disney
854,Brother Bear,Perú,2003-12-25,disney
855,Brother Bear,Australia,2003-12-26,disney
856,Brother Bear,Colombia,2003-12-28,disney
857,Brother Bear,Tailandia,2003-12-31,disney
858,Brother Bear,Taiwán,2004-01-16,disney
859,Home on the Range,Canadá,2004-04-02,disney
860,Home on the Range,Estados Unidos,2004-04-02,disney
861,Home on the Range,Estados Unidos,2004-04-02,disney
862,Home on the Range,Polonia,2004-05-28,disney
863,Home on the Range,Nueva Zelanda,2004-06-01,disney
864,Home on the Range,Filipinas,2004-06-16,disney
865,Home on the Range,Singapur,2004-06-17,disney
866,Home on the Range,Croacia,2004-06-26,disney
867,Home on the Range,Uruguay,2004-07-02,disney
868,Home on the Range,Baréin,2004-07-07,disney
869,Home on the Range,Argentina,2004-07-08,disney
870,Home on the Range,Chile,2004-07-08,disney
871,Home on the Range,Brasil,2004-07-09,disney
872,Home on the Range,Bélgica,2004-07-21,disney
873,Home on the Range,Países Bajos,2004-07-21,disney
874,Home on the Range,Israel,2004-07-22,disney
875,Home on the Range,México,2004-07-23,disney
876,Home on the Range,Panamá,2004-07-23,disney
877,Home on the Range,Francia,2004-07-28,disney
878,Home on the Range,Nigeria,2004-07-28,disney
879,Chicken Little,Estados Unidos,2005-10-30,disney
880,Chicken Little,Malasia,2005-11-03,disney
881,Chicken Little,Omán,2005-11-03,disney
882,Chicken Little,Rusia,2005-11-03,disney
883,Chicken Little,Siria,2005-11-03,disney
884,Chicken Little,Ucrania,2005-11-03,disney
885,Chicken Little,Armenia,2005-11-04,disney
886,Chicken Little,Bielorrusia,2005-11-04,disney
887,Chicken Little,Canadá,2005-11-04,disney
888,Chicken Little,Ecuador,2005-11-04,disney
889,Chicken Little,Kirguistán,2005-11-04,disney
890,Chicken Little,Kazajistán,2005-11-04,disney
891,Chicken Little,Sri Lanka,2005-11-04,disney
892,Chicken Little,México,2005-11-04,disney
893,Chicken Little,Surinam,2005-11-04,disney
894,Chicken Little,Taiwán,2005-11-04,disney
895,Chicken Little,Estados Unidos,2005-11-04,disney
896,Chicken Little,Vietnam,2005-11-06,disney
897,Chicken Little,Bélgica,2005-11-09,disney
898,Chicken Little,Baréin,2005-11-10,disney
899,Meet the Robinsons,Reino Unido,2007-03-23,disney
900,Meet the Robinsons,Israel,2007-03-24,disney
901,Meet the Robinsons,Argentina,2007-03-29,disney
902,Meet the Robinsons,Austria,2007-03-29,disney
903,Meet the Robinsons,Australia,2007-03-29,disney
904,Meet the Robinsons,Alemania,2007-03-29,disney
905,Meet the Robinsons,Malasia,2007-03-29,disney
906,Meet the Robinsons,Portugal,2007-03-29,disney
907,Meet the Robinsons,Rusia,2007-03-29,disney
908,Meet the Robinsons,Eslovenia,2007-03-29,disney
909,Meet the Robinsons,Ucrania,2007-03-29,disney
910,Meet the Robinsons,Canadá,2007-03-30,disney
911,Meet the Robinsons,Colombia,2007-03-30,disney
912,Meet the Robinsons,España,2007-03-30,disney
913,Meet the Robinsons,Reino Unido,2007-03-30,disney
914,Meet the Robinsons,Irlanda,2007-03-30,disney
915,Meet the Robinsons,Islandia,2007-03-30,disney
916,Meet the Robinsons,Letonia,2007-03-30,disney
917,Meet the Robinsons,México,2007-03-30,disney
918,Meet the Robinsons,Panamá,2007-03-30,disney
919,Bolt,Estados Unidos,2008-11-17,disney
920,Bolt,Canadá,2008-11-21,disney
921,Bolt,Estados Unidos,2008-11-21,disney
922,Bolt,Filipinas,2008-11-26,disney
923,Bolt,Kazajistán,2008-11-27,disney
924,Bolt,Rusia,2008-11-27,disney
925,Bolt,Italia,2008-11-28,disney
926,Bolt,Polonia,2008-11-28,disney
927,Bolt,Indonesia,2008-12-03,disney
928,Bolt,Israel,2008-12-04,disney
929,Bolt,Singapur,2008-12-04,disney
930,Bolt,España,2008-12-05,disney
931,Bolt,Venezuela,2008-12-05,disney
932,Bolt,Portugal,2008-12-11,disney
933,Bolt,Egipto,2008-12-17,disney
934,Bolt,Ucrania,2008-12-18,disney
935,Bolt,Bulgaria,2008-12-19,disney
936,Bolt,México,2008-12-19,disney
937,Bolt,Taiwán,2008-12-19,disney
938,Bolt,Chile,2008-12-25,disney
939,The Princess and the Frog,Estados Unidos,2009-11-15,disney
940,The Princess and the Frog,Estados Unidos,2009-11-25,disney
941,The Princess and the Frog,Estados Unidos,2009-11-25,disney
942,The Princess and the Frog,Chile,2009-12-03,disney
943,The Princess and the Frog,Venezuela,2009-12-04,disney
944,The Princess and the Frog,Austria,2009-12-10,disney
945,The Princess and the Frog,Suiza,2009-12-10,disney
946,The Princess and the Frog,Alemania,2009-12-10,disney
947,The Princess and the Frog,Líbano,2009-12-10,disney
948,The Princess and the Frog,Malasia,2009-12-10,disney
949,The Princess and the Frog,Singapur,2009-12-10,disney
950,The Princess and the Frog,Brasil,2009-12-11,disney
951,The Princess and the Frog,Canadá,2009-12-11,disney
952,The Princess and the Frog,Ghana,2009-12-11,disney
953,The Princess and the Frog,México,2009-12-11,disney
954,The Princess and the Frog,Estados Unidos,2009-12-11,disney
955,The Princess and the Frog,Emiratos Árabes Unidos,2009-12-14,disney
956,The Princess and the Frog,Argentina,2009-12-15,disney
957,The Princess and the Frog,Italia,2009-12-18,disney
958,The Princess and the Frog,Emiratos Árabes Unidos,2009-12-24,disney
959,Tangled,Bangladesh,2010-11-24,disney
960,Tangled,Canadá,2010-11-24,disney
961,Tangled,Estados Unidos,2010-11-24,disney
962,Tangled,Israel,2010-11-25,disney
963,Tangled,Kazajistán,2010-11-25,disney
964,Tangled,Malasia,2010-11-25,disney
965,Tangled,Rusia,2010-11-25,disney
966,Tangled,Singapur,2010-11-25,disney
967,Tangled,Indonesia,2010-11-26,disney
968,Tangled,Italia,2010-11-26,disney
969,Tangled,México,2010-11-26,disney
970,Tangled,Polonia,2010-11-26,disney
971,Tangled,Vietnam del Norte,2010-11-26,disney
972,Tangled,Venezuela,2010-11-26,disney
973,Tangled,Estados Unidos Islas Vírgenes,2010-11-26,disney
974,Tangled,Bélgica,2010-12-01,disney
975,Tangled,Suiza,2010-12-01,disney
976,Tangled,Egipto,2010-12-01,disney
977,Tangled,Francia,2010-12-01,disney
978,Tangled,Países Bajos,2010-12-01,disney
979,Winnie the Pooh,Bélgica,2011-04-06,disney
980,Winnie the Pooh,Irlanda,2011-04-10,disney
981,Winnie the Pooh,Suiza,2011-04-13,disney
982,Winnie the Pooh,Francia,2011-04-13,disney
983,Winnie the Pooh,Austria,2011-04-14,disney
984,Winnie the Pooh,Alemania,2011-04-14,disney
985,Winnie the Pooh,Reino Unido,2011-04-15,disney
986,Winnie the Pooh,Irlanda,2011-04-15,disney
987,Winnie the Pooh,México,2011-04-15,disney
988,Winnie the Pooh,Turquía,2011-04-15,disney
989,Winnie the Pooh,Uruguay,2011-04-15,disney
990,Winnie the Pooh,España,2011-04-20,disney
991,Winnie the Pooh,Italia,2011-04-20,disney
992,Winnie the Pooh,Grecia,2011-04-21,disney
993,Winnie the Pooh,Países Bajos,2011-04-21,disney
994,Winnie the Pooh,República Checa,2011-04-27,disney
995,Winnie the Pooh,Panamá,2011-04-29,disney
996,Winnie the Pooh,Colombia,2011-05-05,disney
997,Winnie the Pooh,República Checa,2011-05-05,disney
998,Winnie the Pooh,Ecuador,2011-05-05,disney
999,Wreck-It Ralph,Emiratos Árabes Unidos,2012-11-01,disney
1000,Wreck-It Ralph,Hungría,2012-11-01,disney
1001,Wreck-It Ralph,Kuwait,2012-11-01,disney
1002,Wreck-It Ralph,Líbano,2012-11-01,disney
1003,Wreck-It Ralph,Filipinas,2012-11-01,disney
1004,Wreck-It Ralph,Rusia,2012-11-01,disney
1005,Wreck-It Ralph,Ucrania,2012-11-01,disney
1006,Wreck-It Ralph,Bulgaria,2012-11-02,disney
1007,Wreck-It Ralph,Canadá,2012-11-02,disney
1008,Wreck-It Ralph,México,2012-11-02,disney
1009,Wreck-It Ralph,Rumanía,2012-11-02,disney
1010,Wreck-It Ralph,Estados Unidos,2012-11-02,disney
1011,Wreck-It Ralph,China,2012-11-06,disney
1012,Wreck-It Ralph,Bangladesh,2012-11-07,disney
1013,Wreck-It Ralph,Serbia y Montenegro,2012-11-08,disney
1014,Wreck-It Ralph,Portugal,2012-11-08,disney
1015,Wreck-It Ralph,Indonesia,2012-11-09,disney
1016,Wreck-It Ralph,India,2012-11-09,disney
1017,Wreck-It Ralph,Islandia,2012-11-09,disney
1018,Wreck-It Ralph,Vietnam,2012-11-09,disney
1019,Frozen,Estados Unidos,2013-11-10,disney
1020,Frozen,Irlanda,2013-11-17,disney
1021,Frozen,Estados Unidos,2013-11-19,disney
1022,Frozen,Armenia,2013-11-20,disney
1023,Frozen,Camerún,2013-11-20,disney
1024,Frozen,Francia,2013-11-20,disney
1025,Frozen,Georgia,2013-11-20,disney
1026,Frozen,Estados Unidos,2013-11-22,disney
1027,Frozen,Canadá,2013-11-27,disney
1028,Frozen,Filipinas,2013-11-27,disney
1029,Frozen,Estados Unidos,2013-11-27,disney
1030,Frozen,Austria,2013-11-28,disney
1031,Frozen,República Checa,2013-11-28,disney
1032,Frozen,Alemania,2013-11-28,disney
1033,Frozen,Croacia,2013-11-28,disney
1034,Frozen,Israel,2013-11-28,disney
1035,Frozen,North Macedonia,2013-11-28,disney
1036,Frozen,Malasia,2013-11-28,disney
1037,Frozen,Portugal,2013-11-28,disney
1038,Frozen,Singapur,2013-11-28,disney
1039,Big Hero 6,Japón,2014-10-23,disney
1040,Big Hero 6,Azerbaiyán,2014-10-25,disney
1041,Big Hero 6,Bielorrusia,2014-10-25,disney
1042,Big Hero 6,Kazajistán,2014-10-25,disney
1043,Big Hero 6,Rusia,2014-10-25,disney
1044,Big Hero 6,Ucrania,2014-10-25,disney
1045,Big Hero 6,Estados Unidos,2014-10-25,disney
1046,Big Hero 6,Estados Unidos,2014-10-26,disney
1047,Big Hero 6,Estados Unidos,2014-10-26,disney
1048,Big Hero 6,Estados Unidos,2014-10-27,disney
1049,Big Hero 6,Emiratos Árabes Unidos,2014-10-31,disney
1050,Big Hero 6,Estados Unidos,2014-11-01,disney
1051,Big Hero 6,Estados Unidos,2014-11-04,disney
1052,Big Hero 6,Egipto,2014-11-05,disney
1053,Big Hero 6,Emiratos Árabes Unidos,2014-11-06,disney
1054,Big Hero 6,República Dominicana,2014-11-06,disney
1055,Big Hero 6,Grecia,2014-11-06,disney
1056,Big Hero 6,Irak,2014-11-06,disney
1057,Big Hero 6,Kuwait,2014-11-06,disney
1058,Big Hero 6,Líbano,2014-11-06,disney
1059,Zootopia,Bélgica,2016-02-10,disney
1060,Zootopia,Dinamarca,2016-02-11,disney
1061,Zootopia,España,2016-02-12,disney
1062,Zootopia,Bélgica,2016-02-13,disney
1063,Zootopia,Suiza,2016-02-17,disney
1064,Zootopia,Francia,2016-02-17,disney
1065,Zootopia,Indonesia,2016-02-17,disney
1066,Zootopia,Corea del Sur,2016-02-17,disney
1067,Zootopia,Países Bajos,2016-02-17,disney
1068,Zootopia,Niue,2016-02-17,disney
1069,Zootopia,Filipinas,2016-02-17,disney
1070,Zootopia,Estados Unidos,2016-02-17,disney
1071,Zootopia,Argentina,2016-02-18,disney
1072,Zootopia,Brasil,2016-02-18,disney
1073,Zootopia,Chile,2016-02-18,disney
1074,Zootopia,Colombia,2016-02-18,disney
1075,Zootopia,Italia,2016-02-18,disney
1076,Zootopia,México,2016-02-18,disney
1077,Zootopia,Perú,2016-02-18,disney
1078,Zootopia,Uruguay,2016-02-18,disney
1079,Moana,Estados Unidos,2016-11-14,disney
1080,Moana,Francia,2016-11-16,disney
1081,Moana,Ucrania,2016-11-22,disney
1082,Moana,Canadá,2016-11-23,disney
1083,Moana,Estados Unidos,2016-11-23,disney
1084,Moana,Emiratos Árabes Unidos,2016-11-24,disney
1085,Moana,Albania,2016-11-24,disney
1086,Moana,Azerbaiyán,2016-11-24,disney
1087,Moana,Bielorrusia,2016-11-24,disney
1088,Moana,República Checa,2016-11-24,disney
1089,Moana,Croacia,2016-11-24,disney
1090,Moana,Camboya,2016-11-24,disney
1091,Moana,North Macedonia,2016-11-24,disney
1092,Moana,Portugal,2016-11-24,disney
1093,Moana,Serbia,2016-11-24,disney
1094,Moana,Singapur,2016-11-24,disney
1095,Moana,Eslovenia,2016-11-24,disney
1096,Moana,Kosovo,2016-11-24,disney
1097,Moana,Barbados,2016-11-25,disney
1098,Moana,Bulgaria,2016-11-25,disney
1099,Ralph Breaks the Internet,Estados Unidos,2018-11-05,disney
1100,Ralph Breaks the Internet,Burkina Faso,2018-11-21,disney
1101,Ralph Breaks the Internet,Canadá,2018-11-21,disney
1102,Ralph Breaks the Internet,Chile,2018-11-21,disney
1103,Ralph Breaks the Internet,Croacia,2018-11-21,disney
1104,Ralph Breaks the Internet,Jamaica,2018-11-21,disney
1105,Ralph Breaks the Internet,Lesoto,2018-11-21,disney
1106,Ralph Breaks the Internet,Niue,2018-11-21,disney
1107,Ralph Breaks the Internet,Filipinas,2018-11-21,disney
1108,Ralph Breaks the Internet,Ucrania,2018-11-21,disney
1109,Ralph Breaks the Internet,Estados Unidos Islas Vírgenes,2018-11-21,disney
1110,Ralph Breaks the Internet,Emiratos Árabes Unidos,2018-11-22,disney
1111,Ralph Breaks the Internet,Bután,2018-11-22,disney
1112,Ralph Breaks the Internet,Islas Cocos,2018-11-22,disney
1113,Ralph Breaks the Internet,Colombia,2018-11-22,disney
1114,Ralph Breaks the Internet,Egipto,2018-11-22,disney
1115,Ralph Breaks the Internet,Gambia,2018-11-22,disney
1116,Ralph Breaks the Internet,Grecia,2018-11-22,disney
1117,Ralph Breaks the Internet,Israel,2018-11-22,disney
1118,Ralph Breaks the Internet,Kuwait,2018-11-22,disney
1119,Frozen II,Estados Unidos,2019-11-07,disney
1120,Frozen II,Bélgica,2019-11-20,disney
1121,Frozen II,Alemania,2019-11-20,disney
1122,Frozen II,Egipto,2019-11-20,disney
1123,Frozen II,Francia,2019-11-20,disney
1124,Frozen II,Indonesia,2019-11-20,disney
1125,Frozen II,Países Bajos,2019-11-20,disney
1126,Frozen II,Niue,2019-11-20,disney
1127,Frozen II,Filipinas,2019-11-20,disney
1128,Frozen II,Turquía,2019-11-20,disney
1129,Frozen II,Emiratos Árabes Unidos,2019-11-21,disney
1130,Frozen II,Austria,2019-11-21,disney
1131,Frozen II,Colombia,2019-11-21,disney
1132,Frozen II,Guinea Ecuatorial,2019-11-21,disney
1133,Frozen II,Hong Kong,2019-11-21,disney
1134,Frozen II,Croacia,2019-11-21,disney
1135,Frozen II,Hungría,2019-11-21,disney
1136,Frozen II,Israel,2019-11-21,disney
1137,Frozen II,Corea del Sur,2019-11-21,disney
1138,Frozen II,Kuwait,2019-11-21,disney
1139,Raya and the Last Dragon,Samoa Americana,2021-03-03,disney
1140,Raya and the Last Dragon,Bélgica,2021-03-03,disney
1141,Raya and the Last Dragon,Indonesia,2021-03-03,disney
1142,Raya and the Last Dragon,Países Bajos,2021-03-03,disney
1143,Raya and the Last Dragon,Emiratos Árabes Unidos,2021-03-04,disney
1144,Raya and the Last Dragon,Australia,2021-03-04,disney
1145,Raya and the Last Dragon,Chile,2021-03-04,disney
1146,Raya and the Last Dragon,Costa Rica,2021-03-04,disney
1147,Raya and the Last Dragon,Gambia,2021-03-04,disney
1148,Raya and the Last Dragon,Corea del Sur,2021-03-04,disney
1149,Raya and the Last Dragon,Nicaragua,2021-03-04,disney
1150,Raya and the Last Dragon,Rusia,2021-03-04,disney
1151,Raya and the Last Dragon,Tailandia,2021-03-04,disney
1152,Raya and the Last Dragon,Ucrania,2021-03-04,disney
1153,Raya and the Last Dragon,Uruguay,2021-03-04,disney
1154,Raya and the Last Dragon,Argentina,2021-03-05,disney
1155,Raya and the Last Dragon,Benín,2021-03-05,disney
1156,Raya and the Last Dragon,Brasil,2021-03-05,disney
1157,Raya and the Last Dragon,Bután,2021-03-05,disney
0,Encanto,Estados Unidos,2021-11-03,disney
1,Encanto,España,2021-11-21,disney
2,Encanto,Antigua y Barbuda,2021-11-24,disney
3,Encanto,Samoa Americana,2021-11-24,disney
4,Encanto,Brasil,2021-11-24,disney
5,Encanto,Canadá,2021-11-24,disney
6,Encanto,Suiza,2021-11-24,disney
7,Encanto,Alemania,2021-11-24,disney
8,Encanto,Argelia,2021-11-24,disney
9,Encanto,Francia,2021-11-24,disney
10,Encanto,Reino Unido,2021-11-24,disney
11,Encanto,Gibraltar,2021-11-24,disney
12,Encanto,Indonesia,2021-11-24,disney
13,Encanto,Irlanda,2021-11-24,disney
14,Encanto,Islandia,2021-11-24,disney
15,Encanto,Italia,2021-11-24,disney
16,Encanto,Corea del Sur,2021-11-24,disney
17,Encanto,Lesoto,2021-11-24,disney
18,Encanto,Letonia,2021-11-24,disney
19,Encanto,Marruecos,2021-11-24,disney
20,Lightyear,Bélgica,2022-06-15,disney
21,Lightyear,Suiza,2022-06-15,disney
22,Lightyear,Finlandia,2022-06-15,disney
23,Lightyear,Italia,2022-06-15,disney
24,Lightyear,Camboya,2022-06-15,disney
25,Lightyear,Corea del Sur,2022-06-15,disney
26,Lightyear,Líbano,2022-06-15,disney
27,Lightyear,Países Bajos,2022-06-15,disney
28,Lightyear,Noruega,2022-06-15,disney
29,Lightyear,Filipinas,2022-06-15,disney
30,Lightyear,Suecia,2022-06-15,disney
31,Lightyear,Emiratos Árabes Unidos,2022-06-16,disney
32,Lightyear,Argentina,2022-06-16,disney
33,Lightyear,Austria,2022-06-16,disney
34,Lightyear,Australia,2022-06-16,disney
35,Lightyear,Bolivia,2022-06-16,disney
36,Lightyear,Brasil,2022-06-16,disney
37,Lightyear,Chile,2022-06-16,disney
38,Lightyear,Colombia,2022-06-16,disney
39,Lightyear,República Checa,2022-06-16,disney
40,Strange World,Irlanda,2022-11-19,disney
41,Strange World,Bélgica,2022-11-23,disney
42,Strange World,Canadá,2022-11-23,disney
43,Strange World,Suiza,2022-11-23,disney
44,Strange World,Egipto,2022-11-23,disney
45,Strange World,Indonesia,2022-11-23,disney
46,Strange World,Irlanda,2022-11-23,disney
47,Strange World,Italia,2022-11-23,disney
48,Strange World,Japón,2022-11-23,disney
49,Strange World,Corea del Sur,2022-11-23,disney
50,Strange World,Letonia,2022-11-23,disney
51,Strange World,Países Bajos,2022-11-23,disney
52,Strange World,Filipinas,2022-11-23,disney
53,Strange World,Estados Unidos,2022-11-23,disney
54,Strange World,Emiratos Árabes Unidos,2022-11-24,disney
55,Strange World,Argentina,2022-11-24,disney
56,Strange World,Austria,2022-11-24,disney
57,Strange World,Australia,2022-11-24,disney
58,Strange World,Brasil,2022-11-24,disney
59,Strange World,Chile,2022-11-24,disney
60,Elemental,Francia,2023-05-27,disney
61,Elemental,Bélgica,2023-06-14,disney
62,Elemental,Egipto,2023-06-14,disney
63,Elemental,Corea del Sur,2023-06-14,disney
64,Elemental,Filipinas,2023-06-14,disney
65,Elemental,Emiratos Árabes Unidos,2023-06-15,disney
66,Elemental,Argentina,2023-06-15,disney
67,Elemental,Australia,2023-06-15,disney
68,Elemental,Baréin,2023-06-15,disney
69,Elemental,Alemania,2023-06-15,disney
70,Elemental,Grecia,2023-06-15,disney
71,Elemental,Hungría,2023-06-15,disney
72,Elemental,Israel,2023-06-15,disney
73,Elemental,Irak,2023-06-15,disney
74,Elemental,Islandia,2023-06-15,disney
75,Elemental,Jordania,2023-06-15,disney
76,Elemental,Kuwait,2023-06-15,disney
77,Elemental,Kazajistán,2023-06-15,disney
78,Elemental,Líbano,2023-06-15,disney
79,Elemental,Omán,2023-06-15,disney
80,Wish,Estados Unidos,2023-11-08,disney
81,Wish,China,2023-11-17,disney
82,Wish,Bélgica,2023-11-22,disney
83,Wish,Canadá,2023-11-22,disney
84,Wish,Indonesia,2023-11-22,disney
85,Wish,Países Bajos,2023-11-22,disney
86,Wish,Filipinas,2023-11-22,disney
87,Wish,Estados Unidos,2023-11-22,disney
88,Wish,Emiratos Árabes Unidos,2023-11-23,disney
89,Wish,Armenia,2023-11-23,disney
90,Wish,Azerbaiyán,2023-11-23,disney
91,Wish,Ecuador,2023-11-23,disney
92,Wish,Hungría,2023-11-23,disney
93,Wish,Kirguistán,2023-11-23,disney
94,Wish,Kuwait,2023-11-23,disney
95,Wish,Kazajistán,2023-11-23,disney
96,Wish,México,2023-11-23,disney
97,Wish,Perú,2023-11-23,disney
98,Wish,Portugal,2023-11-23,disney
99,Wish,Singapur,2023-11-23,disney
100,Soul,Reino Unido,2020-10-11,disney
101,Soul,Francia,2020-10-14,disney
102,Soul,Italia,2020-10-15,disney
103,Soul,Corea del Sur,2020-10-26,disney
104,Soul,Emiratos Árabes Unidos,2020-12-24,disney
105,Soul,Croacia,2020-12-24,disney
106,Soul,Ucrania,2020-12-24,disney
107,Soul,Antigua y Barbuda,2020-12-25,disney
108,Soul,Argentina,2020-12-25,disney
109,Soul,Austria,2020-12-25,disney
110,Soul,Australia,2020-12-25,disney
111,Soul,Bélgica,2020-12-25,disney
112,Soul,Benín,2020-12-25,disney
113,Soul,Brasil,2020-12-25,disney
114,Soul,Botsuana,2020-12-25,disney
115,Soul,Canadá,2020-12-25,disney
116,Soul,Islas Cocos,2020-12-25,disney
117,Soul,China,2020-12-25,disney
118,Soul,Colombia,2020-12-25,disney
119,Turning Red,Estados Unidos,2022-03-01,disney
120,Turning Red,Emiratos Árabes Unidos,2022-03-10,disney
121,Turning Red,Albania,2022-03-10,disney
122,Turning Red,Bosnia-Herzegovina,2022-03-10,disney
123,Turning Red,Bolivia,2022-03-10,disney
124,Turning Red,Bielorrusia,2022-03-10,disney
125,Turning Red,Chile,2022-03-10,disney
126,Turning Red,Colombia,2022-03-10,disney
127,Turning Red,Estonia,2022-03-10,disney
128,Turning Red,Egipto,2022-03-10,disney
129,Turning Red,Croacia,2022-03-10,disney
130,Turning Red,Hungría,2022-03-10,disney
131,Turning Red,Israel,2022-03-10,disney
132,Turning Red,Kenia,2022-03-10,disney
133,Turning Red,Noruega,2022-03-10,disney
134,Turning Red,Niue,2022-03-10,disney
135,Turning Red,Nueva Zelanda,2022-03-10,disney
136,Turning Red,Filipinas,2022-03-10,disney
137,Turning Red,Eslovenia,2022-03-10,disney
138,Turning Red,Tailandia,2022-03-10,disney
139,Luca,Albania,2021-06-17,disney
140,Luca,Francia,2021-06-17,disney
141,Luca,Hungría,2021-06-17,disney
142,Luca,Israel,2021-06-17,disney
143,Luca,Corea del Sur,2021-06-17,disney
144,Luca,Kazajistán,2021-06-17,disney
145,Luca,Líbano,2021-06-17,disney
146,Luca,Rumanía,2021-06-17,disney
147,Luca,Rusia,2021-06-17,disney
148,Luca,Eslovaquia,2021-06-17,disney
149,Luca,Ucrania,2021-06-17,disney
150,Luca,Emiratos Árabes Unidos,2021-06-18,disney
151,Luca,Argentina,2021-06-18,disney
152,Luca,Australia,2021-06-18,disney
153,Luca,Bélgica,2021-06-18,disney
154,Luca,Bulgaria,2021-06-18,disney
155,Luca,Bulgaria,2021-06-18,disney
156,Luca,Brasil,2021-06-18,disney
157,Luca,Canadá,2021-06-18,disney
158,Luca,República Checa,2021-06-18,disney
0,When Marnie Was There,Japón,2014-07-19,ghibli
1,When Marnie Was There,Taiwán,2014-10-09,ghibli
2,When Marnie Was There,Francia,2015-01-14,ghibli
3,When Marnie Was There,Países Bajos,2015-01-28,ghibli
4,When Marnie Was There,Bélgica,2015-02-11,ghibli
5,When Marnie Was There,Estados Unidos,2015-02-27,ghibli
6,When Marnie Was There,Hong Kong,2015-04-02,ghibli
7,When Marnie Was There,Países Bajos,2015-04-04,ghibli
8,When Marnie Was There,Países Bajos,2015-04-11,ghibli
9,When Marnie Was There,Tailandia,2015-04-16,ghibli
10,When Marnie Was There,Estados Unidos,2015-04-19,ghibli
11,When Marnie Was There,Países Bajos,2015-04-23,ghibli
12,When Marnie Was There,Australia,2015-05-14,ghibli
13,When Marnie Was There,Estados Unidos,2015-05-16,ghibli
14,When Marnie Was There,Estados Unidos,2015-05-22,ghibli
15,When Marnie Was There,Canadá,2015-05-29,ghibli
16,When Marnie Was There,Turquía,2015-06-05,ghibli
17,When Marnie Was There,Israel,2015-07-12,ghibli
18,When Marnie Was There,Nueva Zelanda,2015-07-18,ghibli
19,When Marnie Was There,Estados Unidos,2015-08-07,ghibli
20,The Tale of The Princess Kaguya,Japón,2013-11-23,ghibli
21,The Tale of The Princess Kaguya,Hong Kong,2014-01-30,ghibli
22,The Tale of The Princess Kaguya,Francia,2014-05-21,ghibli
23,The Tale of The Princess Kaguya,Corea del Sur,2014-06-04,ghibli
24,The Tale of The Princess Kaguya,Francia,2014-06-09,ghibli
25,The Tale of The Princess Kaguya,Taiwán,2014-06-13,ghibli
26,The Tale of The Princess Kaguya,Australia,2014-06-14,ghibli
27,The Tale of The Princess Kaguya,Suiza,2014-06-25,ghibli
28,The Tale of The Princess Kaguya,Francia,2014-06-25,ghibli
29,The Tale of The Princess Kaguya,Bélgica,2014-08-13,ghibli
30,The Tale of The Princess Kaguya,Países Bajos,2014-09-04,ghibli
31,The Tale of The Princess Kaguya,Canadá,2014-09-05,ghibli
32,The Tale of The Princess Kaguya,Canadá,2014-09-27,ghibli
33,The Tale of The Princess Kaguya,Noruega,2014-09-28,ghibli
34,The Tale of The Princess Kaguya,Estados Unidos,2014-10-03,ghibli
35,The Tale of The Princess Kaguya,Estados Unidos,2014-10-05,ghibli
36,The Tale of The Princess Kaguya,Israel,2014-10-14,ghibli
37,The Tale of The Princess Kaguya,Estados Unidos,2014-10-17,ghibli
38,The Tale of The Princess Kaguya,Estados Unidos,2014-10-18,ghibli
39,The Tale of The Princess Kaguya,Finlandia,2014-10-24,ghibli
40,The Wind Rises,Japón,2013-07-20,ghibli
41,The Wind Rises,Italia,2013-09-01,ghibli
42,The Wind Rises,Corea del Sur,2013-09-05,ghibli
43,The Wind Rises,Canadá,2013-09-11,ghibli
44,The Wind Rises,Taiwán,2013-09-18,ghibli
45,The Wind Rises,España,2013-09-20,ghibli
46,The Wind Rises,Estados Unidos,2013-09-28,ghibli
47,The Wind Rises,Estados Unidos,2013-10-10,ghibli
48,The Wind Rises,España,2013-10-11,ghibli
49,The Wind Rises,Brasil,2013-10-18,ghibli
50,The Wind Rises,Estados Unidos,2013-11-08,ghibli
51,The Wind Rises,Estados Unidos,2013-11-08,ghibli
52,The Wind Rises,Estados Unidos,2013-11-08,ghibli
53,The Wind Rises,Hong Kong,2013-12-19,ghibli
54,The Wind Rises,Estados Unidos,2014-01-08,ghibli
55,The Wind Rises,Noruega,2014-01-14,ghibli
56,The Wind Rises,Bélgica,2014-01-22,ghibli
57,The Wind Rises,Suiza,2014-01-22,ghibli
58,The Wind Rises,Francia,2014-01-22,ghibli
59,The Wind Rises,Estados Unidos,2014-01-31,ghibli
60,From Up on Poppy Hill,Japón,2011-07-16,ghibli
61,From Up on Poppy Hill,Canadá,2011-09-08,ghibli
62,From Up on Poppy Hill,Corea del Sur,2011-09-29,ghibli
63,From Up on Poppy Hill,Italia,2011-11-01,ghibli
64,From Up on Poppy Hill,Francia,2011-11-14,ghibli
65,From Up on Poppy Hill,Taiwán,2011-11-25,ghibli
66,From Up on Poppy Hill,Hong Kong,2012-01-07,ghibli
67,From Up on Poppy Hill,Bélgica,2012-01-11,ghibli
68,From Up on Poppy Hill,Suiza,2012-01-11,ghibli
69,From Up on Poppy Hill,Francia,2012-01-11,ghibli
70,From Up on Poppy Hill,Hong Kong,2012-01-19,ghibli
71,From Up on Poppy Hill,Turquía,2012-04-08,ghibli
72,From Up on Poppy Hill,Reino Unido,2012-04-13,ghibli
73,From Up on Poppy Hill,Tailandia,2012-04-26,ghibli
74,From Up on Poppy Hill,China,2012-06-01,ghibli
75,From Up on Poppy Hill,Turquía,2012-08-03,ghibli
76,From Up on Poppy Hill,Finlandia,2012-09-28,ghibli
77,From Up on Poppy Hill,Rusia,2012-10-18,ghibli
78,From Up on Poppy Hill,Italia,2012-11-06,ghibli
79,From Up on Poppy Hill,España,2012-11-16,ghibli
80,The Secret World of Arrietty,Japón,2010-07-17,ghibli
81,The Secret World of Arrietty,Corea del Sur,2010-09-09,ghibli
82,The Secret World of Arrietty,Italia,2010-11-04,ghibli
83,The Secret World of Arrietty,Francia,2010-11-30,ghibli
84,The Secret World of Arrietty,Hong Kong,2010-12-25,ghibli
85,The Secret World of Arrietty,Francia,2011-01-12,ghibli
86,The Secret World of Arrietty,Taiwán,2011-01-14,ghibli
87,The Secret World of Arrietty,Suiza,2011-01-25,ghibli
88,The Secret World of Arrietty,Singapur,2011-01-28,ghibli
89,The Secret World of Arrietty,Países Bajos,2011-03-09,ghibli
90,The Secret World of Arrietty,Bélgica,2011-04-06,ghibli
91,The Secret World of Arrietty,Alemania,2011-04-29,ghibli
92,The Secret World of Arrietty,Alemania,2011-06-02,ghibli
93,The Secret World of Arrietty,Suiza,2011-06-04,ghibli
94,The Secret World of Arrietty,Reino Unido,2011-06-18,ghibli
95,The Secret World of Arrietty,Tailandia,2011-06-23,ghibli
96,The Secret World of Arrietty,Rusia,2011-07-02,ghibli
97,The Secret World of Arrietty,Países Bajos,2011-07-06,ghibli
98,The Secret World of Arrietty,Turquía,2011-07-22,ghibli
99,The Secret World of Arrietty,Reino Unido,2011-07-29,ghibli
100,Ponyo,Japón,2008-07-19,ghibli
101,Ponyo,Italia,2008-08-31,ghibli
102,Ponyo,Países Bajos,2008-10-18,ghibli
103,Ponyo,Estonia,2008-11-30,ghibli
104,Ponyo,Corea del Sur,2008-12-17,ghibli
105,Ponyo,Singapur,2009-01-01,ghibli
106,Ponyo,Hong Kong,2009-01-17,ghibli
107,Ponyo,Taiwán,2009-01-23,ghibli
108,Ponyo,Italia,2009-03-20,ghibli
109,Ponyo,Bélgica,2009-04-08,ghibli
110,Ponyo,Suiza,2009-04-08,ghibli
111,Ponyo,Francia,2009-04-08,ghibli
112,Ponyo,España,2009-04-24,ghibli
113,Ponyo,Estados Unidos,2009-06-28,ghibli
114,Ponyo,Argentina,2009-07-23,ghibli
115,Ponyo,Países Bajos,2009-07-23,ghibli
116,Ponyo,Israel,2009-07-30,ghibli
117,Ponyo,Turquía,2009-07-31,ghibli
118,Ponyo,Canadá,2009-08-14,ghibli
119,Ponyo,Estados Unidos,2009-08-14,ghibli
120,Ocean Waves,Japón,1993-05-05,ghibli
121,Ocean Waves,Japón,1993-12-25,ghibli
122,Ocean Waves,Estados Unidos,1994-07-13,ghibli
123,Ocean Waves,Reino Unido,1994-10-07,ghibli
124,Ocean Waves,Francia,1995-03-03,ghibli
125,Ocean Waves,Australia,1995-06-16,ghibli
126,Ocean Waves,Brasil,1995-08-02,ghibli
127,Ocean Waves,Taiwán,2004-04-15,ghibli
128,Ocean Waves,Estonia,2008-04-07,ghibli
129,Ocean Waves,Finlandia,2008-09-24,ghibli
130,Ocean Waves,España,2008-10-29,ghibli
131,Ocean Waves,Polonia,2009-05-20,ghibli
132,Ocean Waves,Suiza,2009-08-01,ghibli
133,Ocean Waves,Reino Unido,2010-01-25,ghibli
134,Ocean Waves,Suecia,2010-02-10,ghibli
135,Tales from Earthsea,Japón,2006-07-29,ghibli
136,Tales from Earthsea,Corea del Sur,2006-08-10,ghibli
137,Tales from Earthsea,Italia,2006-09-03,ghibli
138,Tales from Earthsea,Hong Kong,2006-10-26,ghibli
139,Tales from Earthsea,Singapur,2006-11-09,ghibli
140,Tales from Earthsea,Taiwán,2007-02-14,ghibli
141,Tales from Earthsea,Francia,2007-04-04,ghibli
142,Tales from Earthsea,Italia,2007-04-06,ghibli
143,Tales from Earthsea,Rusia,2007-04-19,ghibli
144,Tales from Earthsea,Australia,2007-04-26,ghibli
145,Tales from Earthsea,Bélgica,2007-05-16,ghibli
146,Tales from Earthsea,Polonia,2007-05-18,ghibli
147,Tales from Earthsea,Turquía,2007-06-22,ghibli
148,Tales from Earthsea,Reino Unido,2007-07-10,ghibli
149,Tales from Earthsea,Nueva Zelanda,2007-07-14,ghibli
150,Tales from Earthsea,Alemania,2007-07-27,ghibli
151,Tales from Earthsea,Alemania,2007-07-29,ghibli
152,Tales from Earthsea,Países Bajos,2007-08-02,ghibli
153,Tales from Earthsea,Brasil,2007-08-03,ghibli
154,Tales from Earthsea,Reino Unido,2007-08-03,ghibli
155,Only Yesterday,Japón,1991-07-20,ghibli
156,Only Yesterday,Japón,1992-09-01,ghibli
157,Only Yesterday,Hong Kong,1993-08-13,ghibli
158,Only Yesterday,Reino Unido,1995-06-23,ghibli
159,Only Yesterday,Taiwán,2003-07-30,ghibli
160,Only Yesterday,Corea del Sur,2006-06-08,ghibli
161,Only Yesterday,Polonia,2007-09-15,ghibli
162,Only Yesterday,Suiza,2007-10-26,ghibli
163,Only Yesterday,República Checa,2007-12-29,ghibli
164,Only Yesterday,Estonia,2008-04-06,ghibli
165,Only Yesterday,Rusia,2008-05-08,ghibli
166,Only Yesterday,Suiza,2009-08-01,ghibli
167,Only Yesterday,México,2011-02-11,ghibli
168,Only Yesterday,Estados Unidos,2012-01-06,ghibli
169,Spirited Away,Japón,2001-07-20,ghibli
170,Spirited Away,Hong Kong,2001-12-13,ghibli
171,Spirited Away,Singapur,2001-12-20,ghibli
172,Spirited Away,Taiwán,2001-12-28,ghibli
173,Spirited Away,Filipinas,2002-01-01,ghibli
174,Spirited Away,Alemania,2002-02-09,ghibli
175,Spirited Away,Francia,2002-04-10,ghibli
176,Spirited Away,Estados Unidos,2002-04-20,ghibli
177,Spirited Away,Corea del Sur,2002-06-28,ghibli
178,Spirited Away,Rusia,2002-06-29,ghibli
179,Spirited Away,Estados Unidos,2002-08-31,ghibli
180,Spirited Away,Canadá,2002-09-07,ghibli
181,Spirited Away,Estados Unidos,2002-09-20,ghibli
182,Spirited Away,Finlandia,2002-09-21,ghibli
183,Spirited Away,Bélgica,2002-09-25,ghibli
184,Spirited Away,Brasil,2002-09-30,ghibli
185,Spirited Away,Hungría,2002-10-09,ghibli
186,Spirited Away,España,2002-10-11,ghibli
187,Spirited Away,España,2002-10-25,ghibli
188,Spirited Away,Canadá,2002-11-06,ghibli
189,My Neighbors the Yamadas,Japón,1999-07-17,ghibli
190,My Neighbors the Yamadas,Noruega,2000-11-21,ghibli
191,My Neighbors the Yamadas,Estados Unidos,2000-12-22,ghibli
192,My Neighbors the Yamadas,Francia,2001-04-04,ghibli
193,My Neighbors the Yamadas,Singapur,2001-04-14,ghibli
194,My Neighbors the Yamadas,Reino Unido,2001-06-15,ghibli
195,My Neighbors the Yamadas,Australia,2001-07-19,ghibli
196,My Neighbors the Yamadas,España,2001-11-02,ghibli
197,My Neighbors the Yamadas,Alemania,2005-06-08,ghibli
198,My Neighbors the Yamadas,Estados Unidos,2005-08-16,ghibli
199,My Neighbors the Yamadas,Suiza,2005-11-12,ghibli
200,My Neighbors the Yamadas,Bélgica,2005-11-13,ghibli
201,My Neighbors the Yamadas,Corea del Sur,2006-06-08,ghibli
202,My Neighbors the Yamadas,Hungría,2007-12-18,ghibli
203,My Neighbors the Yamadas,Estonia,2008-04-06,ghibli
204,My Neighbors the Yamadas,Alemania,2008-06-02,ghibli
205,My Neighbors the Yamadas,Suiza,2009-08-01,ghibli
206,Whisper of the Heart,Japón,1995-07-15,ghibli
207,Whisper of the Heart,Reino Unido,1996-11-22,ghibli
208,Whisper of the Heart,Estados Unidos,1996-12-13,ghibli
209,Whisper of the Heart,Hong Kong,1997-02-06,ghibli
210,Whisper of the Heart,Australia,1997-06-12,ghibli
211,Whisper of the Heart,Brasil,1997-06-20,ghibli
212,Whisper of the Heart,Francia,1997-09-17,ghibli
213,Whisper of the Heart,Alemania,2000-01-22,ghibli
214,Whisper of the Heart,Estados Unidos,2006-01-19,ghibli
215,Whisper of the Heart,Estados Unidos,2006-09-23,ghibli
216,Whisper of the Heart,Corea del Sur,2007-11-22,ghibli
217,Whisper of the Heart,Estonia,2008-04-09,ghibli
218,Whisper of the Heart,Rusia,2009-01-22,ghibli
219,Whisper of the Heart,Finlandia,2009-03-27,ghibli
220,Whisper of the Heart,Suiza,2009-08-01,ghibli
221,Grave of the Fireflies,Canadá,1988-04-16,ghibli
222,Grave of the Fireflies,Japón,1988-04-16,ghibli
223,Grave of the Fireflies,Corea del Sur,1989-04-05,ghibli
224,Grave of the Fireflies,Reino Unido,1989-04-07,ghibli
225,Grave of the Fireflies,Hong Kong,1989-07-22,ghibli
226,Grave of the Fireflies,Estados Unidos,1989-07-26,ghibli
227,Grave of the Fireflies,Unión Soviética,1990-01-01,ghibli
228,Grave of the Fireflies,Australia,1990-02-10,ghibli
229,Grave of the Fireflies,España,1990-09-14,ghibli
230,Grave of the Fireflies,Uruguay,1992-08-31,ghibli
231,Grave of the Fireflies,Filipinas,1993-02-11,ghibli
232,Grave of the Fireflies,Estados Unidos,1993-06-02,ghibli
233,Grave of the Fireflies,Estados Unidos,1994-10-01,ghibli
234,Grave of the Fireflies,Francia,1996-06-19,ghibli
235,Grave of the Fireflies,Estados Unidos,1998-10-07,ghibli
236,Grave of the Fireflies,Suiza,2000-06-08,ghibli
237,Grave of the Fireflies,Alemania,2000-06-12,ghibli
238,Grave of the Fireflies,Indonesia,2000-11-05,ghibli
239,Grave of the Fireflies,República Checa,2002-12-14,ghibli
240,My Neighbor Totoro,Japón,1988-04-16,ghibli
241,My Neighbor Totoro,Hong Kong,1988-07-15,ghibli
242,My Neighbor Totoro,Italia,1989-04-03,ghibli
243,My Neighbor Totoro,Japón,1989-09-19,ghibli
244,My Neighbor Totoro,Reino Unido,1989-11-17,ghibli
245,My Neighbor Totoro,Estados Unidos,1990-07-13,ghibli
246,My Neighbor Totoro,España,1990-10-14,ghibli
247,My Neighbor Totoro,Australia,1991-06-13,ghibli
248,My Neighbor Totoro,Francia,1992-02-01,ghibli
249,My Neighbor Totoro,Estados Unidos,1993-05-07,ghibli
250,My Neighbor Totoro,Francia,1993-06-01,ghibli
251,My Neighbor Totoro,Brasil,1995-03-08,ghibli
252,My Neighbor Totoro,Brasil,1995-03-08,ghibli
253,My Neighbor Totoro,Suecia,1995-06-06,ghibli
254,My Neighbor Totoro,Finlandia,1995-10-21,ghibli
255,My Neighbor Totoro,España,1996-07-10,ghibli
256,My Neighbor Totoro,Francia,1998-05-30,ghibli
257,My Neighbor Totoro,Francia,1999-07-06,ghibli
258,My Neighbor Totoro,Francia,1999-12-08,ghibli
259,My Neighbor Totoro,Corea del Sur,2001-07-27,ghibli
260,Princess Mononoke,Japón,1997-07-12,ghibli
261,Princess Mononoke,Portugal,1997-07-26,ghibli
262,Princess Mononoke,Taiwán,1997-08-02,ghibli
263,Princess Mononoke,Hong Kong,1997-08-14,ghibli
264,Princess Mononoke,Chile,1997-11-07,ghibli
265,Princess Mononoke,Camerún,1997-11-07,ghibli
266,Princess Mononoke,Botsuana,1997-11-26,ghibli
267,Princess Mononoke,Estados Unidos,1997-12-19,ghibli
268,Princess Mononoke,Costa Rica,1998-01-01,ghibli
269,Princess Mononoke,Alemania,1998-02-12,ghibli
270,Princess Mononoke,China,1998-05-01,ghibli
271,Princess Mononoke,Gambia,1999-01-01,ghibli
272,Princess Mononoke,Ghana,1999-07-02,ghibli
273,Princess Mononoke,Canadá,1999-09-18,ghibli
274,Princess Mononoke,Estados Unidos,1999-09-26,ghibli
275,Princess Mononoke,Corea del Sur,1999-10-01,ghibli
276,Princess Mononoke,Estados Unidos,1999-10-07,ghibli
277,Princess Mononoke,Estados Unidos,1999-10-20,ghibli
278,Princess Mononoke,Estados Unidos,1999-10-29,ghibli
279,Princess Mononoke,Tailandia,1999-11-23,ghibli
280,Howl's Moving Castle,Italia,2004-09-05,ghibli
281,Howl's Moving Castle,Japón,2004-10-01,ghibli
282,Howl's Moving Castle,Japón,2004-11-20,ghibli
283,Howl's Moving Castle,España,2004-12-02,ghibli
284,Howl's Moving Castle,Corea del Sur,2004-12-24,ghibli
285,Howl's Moving Castle,Suiza,2005-01-12,ghibli
286,Howl's Moving Castle,Francia,2005-01-12,ghibli
287,Howl's Moving Castle,Taiwán,2005-02-04,ghibli
288,Howl's Moving Castle,Países Bajos,2005-02-05,ghibli
289,Howl's Moving Castle,Turquía,2005-02-18,ghibli
290,Howl's Moving Castle,Singapur,2005-02-24,ghibli
291,Howl's Moving Castle,Hong Kong,2005-03-17,ghibli
292,Howl's Moving Castle,Bélgica,2005-03-30,ghibli
293,Howl's Moving Castle,Croacia,2005-05-27,ghibli
294,Howl's Moving Castle,Estados Unidos,2005-06-06,ghibli
295,Howl's Moving Castle,Estados Unidos,2005-06-09,ghibli
296,Howl's Moving Castle,Canadá,2005-06-10,ghibli
297,Howl's Moving Castle,Estados Unidos,2005-06-10,ghibli
298,Howl's Moving Castle,Estados Unidos,2005-06-10,ghibli
299,Howl's Moving Castle,Canadá,2005-06-17,ghibli
300,Castle in the Sky,Japón,1986-08-02,ghibli
301,Castle in the Sky,Hong Kong,1987-06-26,ghibli
302,Castle in the Sky,Estados Unidos,1987-07-14,ghibli
303,Castle in the Sky,Estados Unidos,1989-04-01,ghibli
304,Castle in the Sky,Reino Unido,1989-12-25,ghibli
305,Castle in the Sky,Estados Unidos,1991-07-19,ghibli
306,Castle in the Sky,Reino Unido,1991-12-13,ghibli
307,Castle in the Sky,Australia,1992-04-04,ghibli
308,Castle in the Sky,China,1992-05-01,ghibli
309,Castle in the Sky,España,1992-11-02,ghibli
310,Castle in the Sky,Francia,2003-01-15,ghibli
311,Castle in the Sky,Estados Unidos,2003-04-15,ghibli
312,Castle in the Sky,Canadá,2003-04-23,ghibli
313,Castle in the Sky,Italia,2004-02-11,ghibli
314,Castle in the Sky,Corea del Sur,2004-04-30,ghibli
315,Castle in the Sky,Australia,2004-07-08,ghibli
316,Castle in the Sky,Australia,2005-10-06,ghibli
317,Castle in the Sky,Australia,2005-10-17,ghibli
318,Kiki's Delivery Service,Japón,1989-07-29,ghibli
319,Kiki's Delivery Service,Hong Kong,1990-01-20,ghibli
320,Kiki's Delivery Service,Estados Unidos,1990-12-20,ghibli
321,Kiki's Delivery Service,Australia,1991-06-13,ghibli
322,Kiki's Delivery Service,Reino Unido,1991-07-19,ghibli
323,Kiki's Delivery Service,Francia,1992-02-01,ghibli
324,Kiki's Delivery Service,Canadá,1992-12-31,ghibli
325,Kiki's Delivery Service,Estados Unidos,1998-05-23,ghibli
326,Kiki's Delivery Service,Estados Unidos,1998-09-01,ghibli
327,Kiki's Delivery Service,Israel,2001-08-10,ghibli
328,Kiki's Delivery Service,Italia,2002-11-13,ghibli
329,Kiki's Delivery Service,Argentina,2003-06-06,ghibli
330,Kiki's Delivery Service,Francia,2004-03-12,ghibli
331,Kiki's Delivery Service,Francia,2004-03-31,ghibli
332,Kiki's Delivery Service,Bélgica,2004-04-10,ghibli
333,Kiki's Delivery Service,Suiza,2004-04-10,ghibli
334,Kiki's Delivery Service,Australia,2004-07-08,ghibli
335,Pom Poko,Japón,1994-07-16,ghibli
336,Pom Poko,Hong Kong,1995-01-28,ghibli
337,Pom Poko,Estados Unidos,1995-04-21,ghibli
338,Pom Poko,Reino Unido,1995-11-24,ghibli
339,Pom Poko,Estados Unidos,1995-12-15,ghibli
340,Pom Poko,Estados Unidos,1995-12-25,ghibli
341,Pom Poko,Australia,1996-06-20,ghibli
342,Pom Poko,Corea del Sur,2005-04-28,ghibli
343,Pom Poko,Estados Unidos,2005-08-16,ghibli
344,Pom Poko,Francia,2005-10-25,ghibli
345,Pom Poko,Francia,2005-11-13,ghibli
346,Pom Poko,Francia,2006-01-18,ghibli
347,Pom Poko,Suiza,2006-02-12,ghibli
348,Pom Poko,Bélgica,2006-02-22,ghibli
349,Pom Poko,Países Bajos,2006-09-16,ghibli
350,Pom Poko,Suiza,2007-09-20,ghibli
351,Pom Poko,Estonia,2008-04-10,ghibli
352,Porco Rosso,Japón,1992-07-18,ghibli
353,Porco Rosso,Hong Kong,1992-12-24,ghibli
354,Porco Rosso,Brasil,1994-06-24,ghibli
355,Porco Rosso,Polonia,1994-06-24,ghibli
356,Porco Rosso,España,1994-09-02,ghibli
357,Porco Rosso,Estados Unidos,1994-12-16,ghibli
358,Porco Rosso,Francia,1995-06-21,ghibli
359,Porco Rosso,Uruguay,1995-07-11,ghibli
360,Porco Rosso,Rusia,1995-07-27,ghibli
361,Porco Rosso,Finlandia,1995-09-16,ghibli
362,Porco Rosso,Italia,1995-11-30,ghibli
363,Porco Rosso,Australia,1995-12-14,ghibli
364,Porco Rosso,Reino Unido,1996-02-08,ghibli
365,Porco Rosso,Corea del Sur,2003-09-21,ghibli
366,Porco Rosso,Estados Unidos,2003-10-09,ghibli
367,Porco Rosso,Corea del Sur,2003-12-19,ghibli
368,Porco Rosso,Estados Unidos,2004-03-05,ghibli
369,Porco Rosso,Australia,2004-07-08,ghibli
370,Porco Rosso,Italia,2005-09-01,ghibli
371,The Cat Returns,Japón,2002-07-20,ghibli
372,The Cat Returns,Turquía,2002-11-29,ghibli
373,The Cat Returns,Taiwán,2002-11-29,ghibli
374,The Cat Returns,Hong Kong,2002-12-25,ghibli
375,The Cat Returns,Estados Unidos,2003-05-02,ghibli
376,The Cat Returns,Francia,2003-05-15,ghibli
377,The Cat Returns,Francia,2003-07-30,ghibli
378,The Cat Returns,Corea del Sur,2003-08-08,ghibli
379,The Cat Returns,Rusia,2003-08-28,ghibli
380,The Cat Returns,Alemania,2003-09-24,ghibli
381,The Cat Returns,Marruecos,2003-10-05,ghibli
382,The Cat Returns,Reino Unido,2003-10-25,ghibli
383,The Cat Returns,República Checa,2003-10-30,ghibli
384,The Cat Returns,Brasil,2004-02-13,ghibli
385,The Cat Returns,Suiza,2004-05-05,ghibli
386,The Cat Returns,Bélgica,2004-09-15,ghibli
387,The Cat Returns,Finlandia,2004-09-19,ghibli
388,The Cat Returns,Finlandia,2004-10-22,ghibli
389,The Cat Returns,Países Bajos,2005-01-13,ghibli
390,The Cat Returns,Italia,2005-01-22,ghibli
391,Nausicaä of the Valley of the Wind,Japón,1984-03-11,ghibli
392,Nausicaä of the Valley of the Wind,Portugal,1984-05-12,ghibli
393,Nausicaä of the Valley of the Wind,Estados Unidos,1985-06-13,ghibli
394,Nausicaä of the Valley of the Wind,Alemania Occidental,1987-01-01,ghibli
395,Nausicaä of the Valley of the Wind,Italia,1987-01-06,ghibli
396,Nausicaä of the Valley of the Wind,Reino Unido,1987-06-12,ghibli
397,Nausicaä of the Valley of the Wind,Hungría,1987-11-19,ghibli
398,Nausicaä of the Valley of the Wind,Estados Unidos,1987-11-25,ghibli
399,Nausicaä of the Valley of the Wind,Hong Kong,1988-02-12,ghibli
400,Nausicaä of the Valley of the Wind,España,1988-06-07,ghibli
401,Nausicaä of the Valley of the Wind,Australia,1988-11-24,ghibli
402,Nausicaä of the Valley of the Wind,Reino Unido,1989-01-01,ghibli
403,Nausicaä of the Valley of the Wind,Camboya,1990-06-14,ghibli
404,Nausicaä of the Valley of the Wind,Corea del Sur,2000-12-30,ghibli
405,Nausicaä of the Valley of the Wind,Corea del Sur,2003-09-21,ghibli
406,Nausicaä of the Valley of the Wind,Japón,2003-11-01,ghibli
407,Nausicaä of the Valley of the Wind,Australia,2004-07-08,ghibli
408,Nausicaä of the Valley of the Wind,Estados Unidos,2005-02-22,ghibli
409,The Boy and the Heron,Japón,2023-07-14,ghibli
410,The Boy and the Heron,Canadá,2023-09-07,ghibli
411,The Boy and the Heron,España,2023-09-22,ghibli
412,The Boy and the Heron,Estados Unidos,2023-10-01,ghibli
413,The Boy and the Heron,España,2023-10-06,ghibli
414,The Boy and the Heron,Taiwán,2023-10-06,ghibli
415,The Boy and the Heron,Reino Unido,2023-10-08,ghibli
416,The Boy and the Heron,Estados Unidos,2023-10-15,ghibli
417,The Boy and the Heron,Francia,2023-10-17,ghibli
418,The Boy and the Heron,Bélgica,2023-10-18,ghibli
419,The Boy and the Heron,Estados Unidos,2023-10-18,ghibli
420,The Boy and the Heron,España,2023-10-19,ghibli
421,The Boy and the Heron,Austria,2023-10-20,ghibli
422,The Boy and the Heron,Turquía,2023-10-20,ghibli
423,The Boy and the Heron,Italia,2023-10-23,ghibli
424,The Boy and the Heron,Corea del Sur,2023-10-25,ghibli
425,The Boy and the Heron,Países Bajos,2023-10-25,ghibli
426,The Boy and the Heron,Estados Unidos,2023-10-25,ghibli
427,The Boy and the Heron,Países Bajos,2023-10-26,ghibli
428,The Boy and the Heron,España,2023-10-27,ghibli
